tick,time_s,time_ms,radio_dt_s,radio_substeps,serving_gnb,connected,sinr_db,scheduled_sinr_db,snr_db,rsrp_proxy_dbm,rssi_dbm,rsrq_proxy_db,rx_power_dbm,interference_dbm,noise_dbm,mcs,rx_probability,ue_allocated_prbs,ue_scheduled_bits,ue_served_bits,ue_queue_bits,ue_throughput_bps,slice_budget_prbs,slice_used_prbs,slice_allocated_prbs,slice_demand_prbs,slice_scheduled_bits,slice_served_bits,slice_load,fading_trace_idx,fading_column_idx,fading_step_direction,fading_n_columns
1,0.001,1.0,0.001,1,0,True,0.7718429638962534,-0.8336242721037466,36.33036844928691,-78.11690649968003,-75.47540372348217,14.348197267162321,-78.11690649968003,-78.88995725558267,-114.44727494896694,1,0.999749292017519,20,2000.0,2000.0,0.0,40000.0,50,20,20,0,2000.0,2000.0,0.4,2,1761,1,10001
2,0.002,2.0,0.001,1,0,True,0.7718429638962534,-3.2520088101037463,36.33036844928691,-78.11690649968003,-75.47540372348217,14.348197267162321,-78.11690649968003,-78.88995725558267,-114.44727494896694,0,0.9999937601536166,30,1890.0,1890.0,110.0,77000.0,50,30,30,2,1890.0,1890.0,0.6,2,1762,1,10001
3,0.003,3.0,0.001,1,0,True,0.7718429638962534,-4.492587476103747,36.33036844928691,-78.11690649968003,-75.47540372348217,14.348197267162321,-78.11690649968003,-78.88995725558267,-114.44727494896694,0,0.000248470373372427,30,1890.0,0.0,2110.0,75460.0,50,30,30,34,1890.0,0.0,0.6,2,1763,1,10001
4,0.004,4.0,0.001,1,0,True,0.7718429638962534,-2.825820518103746,36.33036844928691,-78.11690649968003,-75.47540372348217,14.348197267162321,-78.11690649968003,-78.88995725558267,-114.44727494896694,0,0.7124228422583706,30,1890.0,1890.0,2220.0,111750.8,50,30,30,36,1890.0,1890.0,0.6,2,1764,1,10001
5,0.005,5.0,0.001,1,0,True,0.7718429638962534,-0.09096305610374657,36.33036844928691,-78.11690649968003,-75.47540372348217,14.348197267162321,-78.11690649968003,-78.88995725558267,-114.44727494896694,2,0.9928372329985582,30,3780.0,3780.0,440.0,185115.78399999999,50,30,30,4,3780.0,3780.0,0.6,2,1765,1,10001
6,0.006,6.0,0.001,1,0,True,0.7718429638962534,1.5518869458962532,36.33036844928691,-78.11690649968003,-75.47540372348217,14.348197267162321,-78.11690649968003,-78.88995725558267,-114.44727494896694,3,0.6597738306145643,16,2440.0,0.0,2440.0,181413.46831999999,50,16,16,16,2440.0,0.0,0.32,2,1766,1,10001
7,0.007,7.0,0.001,1,0,True,0.7718429638962534,1.9456386158962529,36.33036844928691,-78.11690649968003,-75.47540372348217,14.348197267162321,-78.11690649968003,-78.88995725558267,-114.44727494896694,4,0.5294603965406149,24,4440.0,0.0,4440.0,177785.1989536,50,24,24,24,4440.0,0.0,0.48,2,1767,1,10001
8,0.008,8.0,0.001,1,0,True,0.7718429638962534,1.0330087638962533,36.33036844928691,-78.11690649968003,-75.47540372348217,14.348197267162321,-78.11690649968003,-78.88995725558267,-114.44727494896694,3,0.9999980220208673,30,4740.0,4740.0,1700.0,269029.494974528,50,30,30,11,4740.0,4740.0,0.6,2,1768,1,10001
9,0.009000000000000001,9.000000000000002,0.001,1,0,True,0.7718429638962534,-1.1652282901037467,36.33036844928691,-78.11690649968003,-75.47540372348217,14.348197267162321,-78.11690649968003,-78.88995725558267,-114.44727494896694,0,0.9999999850931083,30,2370.0,2370.0,1330.0,311048.9050750374,50,30,30,17,2370.0,2370.0,0.6,2,1769,1,10001
10,0.01,10.0,0.001,1,0,True,0.7718429638962534,-4.0186982641037465,36.33036844928691,-78.11690649968003,-75.47540372348217,14.348197267162321,-78.11690649968003,-78.88995725558267,-114.44727494896694,0,0.015979129984894563,30,1890.0,0.0,3330.0,304827.9269735366,50,30,30,53,1890.0,0.0,0.6,2,1770,1,10001
11,0.011,11.0,0.001,1,0,True,0.7718429638962534,-4.771156596103746,36.33036844928691,-78.11690649968003,-75.47540372348217,14.348197267162321,-78.11690649968003,-78.88995725558267,-114.44727494896694,0,1.0962716858622995e-06,30,1890.0,0.0,5330.0,298731.3684340659,50,30,30,85,1890.0,0.0,0.6,2,1771,1,10001
12,0.012,12.0,0.001,1,0,True,0.7718429638962534,-4.361889536103747,36.33036844928691,-78.11690649968003,-75.47540372348217,14.348197267162321,-78.11690649968003,-78.88995725558267,-114.44727494896694,0,0.010226858176704299,30,1890.0,0.0,7330.0,292756.7410653846,50,30,30,116,1890.0,0.0,0.6,2,1772,1,10001
13,0.013000000000000001,13.000000000000002,0.001,1,0,True,0.7718429638962534,-4.480580322103747,36.33036844928691,-78.11690649968003,-75.47540372348217,14.348197267162321,-78.11690649968003,-78.88995725558267,-114.44727494896694,0,0.9361796554183714,30,1890.0,1890.0,7440.0,324701.6062440769,50,30,30,118,1890.0,1890.0,0.6,2,1773,1,10001
14,0.014,14.0,0.001,1,0,True,0.7718429638962534,-5.008703356103747,36.33036844928691,-78.11690649968003,-75.47540372348217,14.348197267162321,-78.11690649968003,-78.88995725558267,-114.44727494896694,0,0.9576524181830607,30,1890.0,1890.0,7550.0,356007.5741191954,50,30,30,120,1890.0,1890.0,0.6,2,1774,1,10001
15,0.015,15.0,0.001,1,0,True,0.7718429638962534,-4.610639676103747,36.33036844928691,-78.11690649968003,-75.47540372348217,14.348197267162321,-78.11690649968003,-78.88995725558267,-114.44727494896694,0,0.05923265071930654,30,1890.0,0.0,9550.0,348887.4226368115,50,30,30,152,1890.0,0.0,0.6,2,1775,1,10001
16,0.016,16.0,0.001,1,0,True,0.7718429638962534,-5.788925156103747,36.33036844928691,-78.11690649968003,-75.47540372348217,14.348197267162321,-78.11690649968003,-78.88995725558267,-114.44727494896694,0,4.757299466884982e-06,30,1890.0,0.0,11550.0,341909.67418407527,50,30,30,183,1890.0,0.0,0.6,2,1776,1,10001
17,0.017,17.0,0.001,1,0,True,0.7718429638962534,-7.872790636103746,36.33036844928691,-78.11690649968003,-75.47540372348217,14.348197267162321,-78.11690649968003,-78.88995725558267,-114.44727494896694,0,3.8199152391336075e-11,30,1890.0,0.0,13550.0,335071.48070039373,50,30,30,215,1890.0,0.0,0.6,2,1777,1,10001
18,0.018000000000000002,18.000000000000004,0.001,1,0,True,0.7718429638962534,-6.793413112103748,36.33036844928691,-78.11690649968003,-75.47540372348217,14.348197267162321,-78.11690649968003,-78.88995725558267,-114.44727494896694,0,1.1518150764625485e-15,30,1890.0,0.0,15550.0,328370.05108638585,50,30,30,247,1890.0,0.0,0.6,2,1778,1,10001
19,0.019,19.0,0.001,1,0,True,0.7718429638962534,-5.113194848103747,36.33036844928691,-78.11690649968003,-75.47540372348217,14.348197267162321,-78.11690649968003,-78.88995725558267,-114.44727494896694,0,8.23741903622266e-13,30,1890.0,0.0,17550.0,321802.65006465814,50,30,30,278,1890.0,0.0,0.6,2,1779,1,10001
20,0.02,20.0,0.001,1,0,True,0.7718429638962534,-3.677549862103746,36.33036844928691,-78.11690649968003,-75.47540372348217,14.348197267162321,-78.11690649968003,-78.88995725558267,-114.44727494896694,0,0.0010302141617637589,30,1890.0,0.0,19550.0,315366.597063365,50,30,30,310,1890.0,0.0,0.6,2,1780,1,10001
21,0.021,21.0,0.001,1,0,True,0.7718429638962534,-2.6952819201037466,36.33036844928691,-78.11690649968003,-75.47540372348217,14.348197267162321,-78.11690649968003,-78.88995725558267,-114.44727494896694,0,0.9994048473615241,30,1890.0,1890.0,19660.0,346859.2651220977,50,30,30,312,1890.0,1890.0,0.6,2,1781,1,10001
22,0.022,22.0,0.001,1,0,True,0.7718429638962534,-2.6906604121037474,36.33036844928691,-78.11690649968003,-75.47540372348217,14.348197267162321,-78.11690649968003,-78.88995725558267,-114.44727494896694,0,0.9999979609644966,30,1890.0,1890.0,19770.0,377722.07981965574,50,30,30,313,1890.0,1890.0,0.6,2,1782,1,10001
23,0.023,23.0,0.001,1,0,True,0.7718429638962534,-3.991212416103747,36.33036844928691,-78.11690649968003,-75.47540372348217,14.348197267162321,-78.11690649968003,-78.88995725558267,-114.44727494896694,0,0.9999865878181022,30,1890.0,1890.0,19880.0,407967.6382232626,50,30,30,315,1890.0,1890.0,0.6,2,1783,1,10001
24,0.024,24.0,0.001,1,0,True,0.7718429638962534,-5.490680416103746,36.33036844928691,-78.11690649968003,-75.47540372348217,14.348197267162321,-78.11690649968003,-78.88995725558267,-114.44727494896694,0,0.8425452818697962,30,1890.0,1890.0,19990.0,437608.28545879736,50,30,30,317,1890.0,1890.0,0.6,2,1784,1,10001
25,0.025,25.0,0.001,1,0,True,0.7718429638962534,-5.867201116103746,36.33036844928691,-78.11690649968003,-75.47540372348217,14.348197267162321,-78.11690649968003,-78.88995725558267,-114.44727494896694,0,7.607601334840182e-06,30,1890.0,0.0,21990.0,428856.11974962143,50,30,30,348,1890.0,0.0,0.6,2,1785,1,10001
26,0.026000000000000002,26.000000000000004,0.001,1,0,True,0.7718429638962534,-4.1564250501037465,36.33036844928691,-78.11690649968003,-75.47540372348217,14.348197267162321,-78.11690649968003,-78.88995725558267,-114.44727494896694,0,0.00014723877252929274,30,1890.0,0.0,23990.0,420278.997354629,50,30,30,380,1890.0,0.0,0.6,2,1786,1,10001
27,0.027,27.0,0.001,1,0,True,0.7718429638962534,-1.8222978161037466,36.33036844928691,-78.11690649968003,-75.47540372348217,14.348197267162321,-78.11690649968003,-78.88995725558267,-114.44727494896694,0,0.9924337899553682,30,2370.0,2370.0,23620.0,459273.4174075364,50,30,30,299,2370.0,2370.0,0.6,2,1787,1,10001
28,0.028,28.0,0.001,1,0,True,0.7718429638962534,-0.9610058561037466,36.33036844928691,-78.11690649968003,-75.47540372348217,14.348197267162321,-78.11690649968003,-78.88995725558267,-114.44727494896694,0,0.9999736642292875,30,2370.0,2370.0,23250.0,497487.9490593857,50,30,30,295,2370.0,2370.0,0.6,2,1788,1,10001
29,0.029,29.0,0.001,1,0,True,0.7718429638962534,-1.8515969061037467,36.33036844928691,-78.11690649968003,-75.47540372348217,14.348197267162321,-78.11690649968003,-78.88995725558267,-114.44727494896694,0,0.9867177416465325,30,2370.0,2370.0,22880.0,534938.190078198,50,30,30,290,2370.0,2370.0,0.6,2,1789,1,10001
30,0.03,30.0,0.001,1,0,True,0.7718429638962534,-3.642836776103747,36.33036844928691,-78.11690649968003,-75.47540372348217,14.348197267162321,-78.11690649968003,-78.88995725558267,-114.44727494896694,0,3.0229480227828682e-05,30,1890.0,0.0,24880.0,524239.426276634,50,30,30,394,1890.0,0.0,0.6,2,1790,1,10001
31,0.031,31.0,0.001,1,0,True,0.7718429638962534,-4.284584396103747,36.33036844928691,-78.11690649968003,-75.47540372348217,14.348197267162321,-78.11690649968003,-78.88995725558267,-114.44727494896694,0,2.084127895306378e-06,30,1890.0,0.0,26880.0,513754.6377511013,50,30,30,426,1890.0,0.0,0.6,2,1791,1,10001
32,0.032,32.0,0.001,1,0,True,0.7718429638962534,-4.023237408103747,36.33036844928691,-78.11690649968003,-75.47540372348217,14.348197267162321,-78.11690649968003,-78.88995725558267,-114.44727494896694,0,0.40725736009865077,30,1890.0,0.0,28880.0,503479.54499607923,50,30,30,457,1890.0,0.0,0.6,2,1792,1,10001
33,0.033,33.0,0.001,1,0,True,0.7718429638962534,-4.452177776103746,36.33036844928691,-78.11690649968003,-75.47540372348217,14.348197267162321,-78.11690649968003,-78.88995725558267,-114.44727494896694,0,0.9979654914854911,30,1890.0,1890.0,28990.0,531209.9540961576,50,30,30,459,1890.0,1890.0,0.6,2,1793,1,10001
34,0.034,34.0,0.001,1,0,True,0.7718429638962534,-5.246276863903748,36.33036844928691,-78.11690649968003,-75.47540372348217,14.348197267162321,-78.11690649968003,-78.88995725558267,-114.44727494896694,0,0.9882927609239558,30,1890.0,1890.0,29100.0,558385.7550142345,50,30,30,461,1890.0,1890.0,0.6,2,1794,1,10001
35,0.035,35.0,0.001,1,0,True,0.7718429638962534,-4.741911938443747,36.33036844928691,-78.11690649968003,-75.47540372348217,14.348197267162321,-78.11690649968003,-78.88995725558267,-114.44727494896694,0,0.14584937182001848,30,1890.0,0.0,31100.0,547218.0399139498,50,30,30,493,1890.0,0.0,0.6,2,1795,1,10001
36,0.036000000000000004,36.00000000000001,0.001,1,0,True,0.7718429638962534,-2.4406206121037464,36.33036844928691,-78.11690649968003,-75.47540372348217,14.348197267162321,-78.11690649968003,-78.88995725558267,-114.44727494896694,0,0.9990341494480146,30,1890.0,1890.0,31210.0,574073.6791156707,50,30,30,494,1890.0,1890.0,0.6,2,1796,1,10001
37,0.037,37.0,0.001,1,0,True,0.7718429638962534,-0.34768393010374665,36.33036844928691,-78.11690649968003,-75.47540372348217,14.348197267162321,-78.11690649968003,-78.88995725558267,-114.44727494896694,2,0.9975036589223231,30,3780.0,3780.0,29430.0,638192.2055333573,50,30,30,233,3780.0,3780.0,0.6,2,1797,1,10001
38,0.038,38.0,0.001,1,0,True,0.7718429638962534,-0.018514156103746515,36.33036844928691,-78.11690649968003,-75.47540372348217,14.348197267162321,-78.11690649968003,-78.88995725558267,-114.44727494896694,2,0.9999991926352211,30,3780.0,3780.0,27650.0,701028.3614226902,50,30,30,219,3780.0,3780.0,0.6,2,1798,1,10001
39,0.039,39.0,0.001,1,0,True,0.7718429638962534,0.4555297938962535,36.33036844928691,-78.11690649968003,-75.47540372348217,14.348197267162321,-78.11690649968003,-78.88995725558267,-114.44727494896694,3,0.9999965404758265,30,4740.0,4740.0,24910.0,781807.7941942364,50,30,30,158,4740.0,4740.0,0.6,2,1799,1,10001
40,0.04,40.0,0.001,1,0,True,0.7718429638962534,-1.5985783289037465,36.33036844928691,-78.11690649968003,-75.47540372348217,14.348197267162321,-78.11690649968003,-78.88995725558267,-114.44727494896694,0,0.9999999999891358,30,2370.0,2370.0,24540.0,813571.6383103516,50,30,30,311,2370.0,2370.0,0.6,2,1800,1,10001
41,0.041,41.0,0.001,1,0,True,0.7718429638962534,-5.186528754103747,36.33036844928691,-78.11690649968003,-75.47540372348217,14.348197267162321,-78.11690649968003,-78.88995725558267,-114.44727494896694,0,0.4863225451633414,30,1890.0,1890.0,24650.0,835100.2055441446,50,30,30,391,1890.0,1890.0,0.6,2,1801,1,10001
42,0.042,42.0,0.001,1,0,True,0.7718429638962534,-4.963928976103746,36.33036844928691,-78.11690649968003,-75.47540372348217,14.348197267162321,-78.11690649968003,-78.88995725558267,-114.44727494896694,0,0.21313508849816057,30,1890.0,1890.0,24760.0,856198.2014332617,50,30,30,392,1890.0,1890.0,0.6,2,1802,1,10001
43,0.043000000000000003,43.0,0.001,1,0,True,0.7718429638962534,-1.3259769641037464,36.33036844928691,-78.11690649968003,-75.47540372348217,14.348197267162321,-78.11690649968003,-78.88995725558267,-114.44727494896694,0,0.9999999939053343,30,2370.0,2370.0,24390.0,886474.2374045965,50,30,30,309,2370.0,2370.0,0.6,2,1803,1,10001
44,0.044,44.0,0.001,1,0,True,0.7718429638962534,0.6668786038962534,36.33036844928691,-78.11690649968003,-75.47540372348217,14.348197267162321,-78.11690649968003,-78.88995725558267,-114.44727494896694,3,0.9999967800559059,30,4740.0,4740.0,21650.0,963544.7526565046,50,30,30,138,4740.0,4740.0,0.6,2,1804,1,10001
45,0.045,45.0,0.001,1,0,True,0.7718429638962534,0.9797568658962534,36.33036844928691,-78.11690649968003,-75.47540372348217,14.348197267162321,-78.11690649968003,-78.88995725558267,-114.44727494896694,3,0.999999815703932,30,4740.0,4740.0,18910.0,1039073.8576033745,50,30,30,120,4740.0,4740.0,0.6,2,1805,1,10001
46,0.046,46.0,0.001,1,0,True,0.7718429638962534,-0.6944294361037465,36.33036844928691,-78.11690649968003,-75.47540372348217,14.348197267162321,-78.11690649968003,-78.88995725558267,-114.44727494896694,1,0.9999988952699835,30,3150.0,3150.0,17760.0,1081292.3804513072,50,30,30,169,3150.0,3150.0,0.6,2,1806,1,10001
47,0.047,47.0,0.001,1,0,True,0.7718429638962534,-3.8426288101037467,36.33036844928691,-78.11690649968003,-75.47540372348217,14.348197267162321,-78.11690649968003,-78.88995725558267,-114.44727494896694,0,0.983874515046326,30,1890.0,1890.0,17870.0,1097466.532842281,50,30,30,283,1890.0,1890.0,0.6,2,1807,1,10001
48,0.048,48.0,0.001,1,0,True,0.7718429638962534,-4.260430396103747,36.33036844928691,-78.11690649968003,-75.47540372348217,14.348197267162321,-78.11690649968003,-78.88995725558267,-114.44727494896694,0,0.27901602706414985,30,1890.0,0.0,19870.0,1075517.2021854355,50,30,30,315,1890.0,0.0,0.6,2,1808,1,10001
49,0.049,49.0,0.001,1,0,True,0.7718429638962534,-2.5823323361037467,36.33036844928691,-78.11690649968003,-75.47540372348217,14.348197267162321,-78.11690649968003,-78.88995725558267,-114.44727494896694,0,0.9999992823697584,30,1890.0,1890.0,19980.0,1091806.8581417268,50,30,30,317,1890.0,1890.0,0.6,2,1809,1,10001
50,0.05,50.0,0.001,1,0,True,0.7718429638962534,-0.7889689651037466,36.33036844928691,-78.11690649968003,-75.47540372348217,14.348197267162321,-78.11690649968003,-78.88995725558267,-114.44727494896694,1,0.9999995938117656,30,3150.0,3150.0,18830.0,1132970.7209788922,50,30,30,179,3150.0,3150.0,0.6,2,1810,1,10001
51,0.051000000000000004,51.00000000000001,0.001,1,0,True,0.7718429638962534,-1.3120525579037465,36.33036844928691,-78.11690649968003,-75.47540372348217,14.348197267162321,-78.11690649968003,-78.88995725558267,-114.44727494896694,0,0.9999999999855891,30,2370.0,2370.0,18460.0,1157711.3065593143,50,30,30,234,2370.0,2370.0,0.6,2,1811,1,10001
52,0.052000000000000005,52.00000000000001,0.001,1,0,True,0.7718429638962534,-4.394837388103746,36.33036844928691,-78.11690649968003,-75.47540372348217,14.348197267162321,-78.11690649968003,-78.88995725558267,-114.44727494896694,0,0.9974050932743525,30,1890.0,1890.0,18570.0,1172357.080428128,50,30,30,294,1890.0,1890.0,0.6,2,1812,1,10001
53,0.053,53.0,0.001,1,0,True,0.7718429638962534,-5.982145296103747,36.33036844928691,-78.11690649968003,-75.47540372348217,14.348197267162321,-78.11690649968003,-78.88995725558267,-114.44727494896694,0,0.0005728745085445961,30,1890.0,0.0,20570.0,1148909.9388195653,50,30,30,326,1890.0,0.0,0.6,2,1813,1,10001
54,0.054,54.0,0.001,1,0,True,0.7718429638962534,-2.5282514921037467,36.33036844928691,-78.11690649968003,-75.47540372348217,14.348197267162321,-78.11690649968003,-78.88995725558267,-114.44727494896694,0,0.9999696638715158,30,1890.0,1890.0,20680.0,1163731.740043174,50,30,30,328,1890.0,1890.0,0.6,2,1814,1,10001
55,0.055,55.0,0.001,1,0,True,0.7718429638962534,-0.7088492161037467,36.33036844928691,-78.11690649968003,-75.47540372348217,14.348197267162321,-78.11690649968003,-78.88995725558267,-114.44727494896694,1,0.9999737994993851,30,3150.0,3150.0,19530.0,1203457.1052423106,50,30,30,186,3150.0,3150.0,0.6,2,1815,1,10001
56,0.056,56.0,0.001,1,0,True,0.7718429638962534,-0.23515543610374665,36.33036844928691,-78.11690649968003,-75.47540372348217,14.348197267162321,-78.11690649968003,-78.88995725558267,-114.44727494896694,2,0.9999779557025505,30,3780.0,3780.0,17750.0,1254987.9631374644,50,30,30,141,3780.0,3780.0,0.6,2,1816,1,10001
57,0.057,57.0,0.001,1,0,True,0.7718429638962534,-1.7132942781037466,36.33036844928691,-78.11690649968003,-75.47540372348217,14.348197267162321,-78.11690649968003,-78.88995725558267,-114.44727494896694,0,0.9999999942570235,30,2370.0,2370.0,17380.0,1277288.2038747151,50,30,30,220,2370.0,2370.0,0.6,2,1817,1,10001
58,0.058,58.0,0.001,1,0,True,0.7718429638962534,-5.860946470103746,36.33036844928691,-78.11690649968003,-75.47540372348217,14.348197267162321,-78.11690649968003,-78.88995725558267,-114.44727494896694,0,0.6686940124146938,30,1890.0,0.0,19380.0,1251742.4397972208,50,30,30,307,1890.0,0.0,0.6,2,1818,1,10001
59,0.059000000000000004,59.00000000000001,0.001,1,0,True,0.7718429638962534,-6.7844806961037465,36.33036844928691,-78.11690649968003,-75.47540372348217,14.348197267162321,-78.11690649968003,-78.88995725558267,-114.44727494896694,0,1.9545341874649202e-07,30,1890.0,0.0,21380.0,1226707.5910012764,50,30,30,339,1890.0,0.0,0.6,2,1819,1,10001
60,0.06,60.0,0.001,1,0,True,0.7718429638962534,-4.420073382103747,36.33036844928691,-78.11690649968003,-75.47540372348217,14.348197267162321,-78.11690649968003,-78.88995725558267,-114.44727494896694,0,1.9234097866237896e-05,30,1890.0,0.0,23380.0,1202173.4391812508,50,30,30,370,1890.0,0.0,0.6,2,1820,1,10001
61,0.061,61.0,0.001,1,0,True,0.7718429638962534,-2.140929278103746,36.33036844928691,-78.11690649968003,-75.47540372348217,14.348197267162321,-78.11690649968003,-78.88995725558267,-114.44727494896694,0,0.9921186976181419,30,2370.0,2370.0,23010.0,1225529.9703976258,50,30,30,292,2370.0,2370.0,0.6,2,1821,1,10001
62,0.062,62.0,0.001,1,0,True,0.7718429638962534,-0.7069700561037466,36.33036844928691,-78.11690649968003,-75.47540372348217,14.348197267162321,-78.11690649968003,-78.88995725558267,-114.44727494896694,1,0.9989673435930702,30,3150.0,3150.0,21860.0,1264019.3709896733,50,30,30,208,3150.0,3150.0,0.6,2,1822,1,10001
63,0.063,63.0,0.001,1,0,True,0.7718429638962534,0.4476599038962534,36.33036844928691,-78.11690649968003,-75.47540372348217,14.348197267162321,-78.11690649968003,-78.88995725558267,-114.44727494896694,3,0.994994201998944,30,4740.0,4740.0,19120.0,1333538.9835698798,50,30,30,122,4740.0,4740.0,0.6,2,1823,1,10001
64,0.064,64.0,0.001,1,0,True,0.7718429638962534,0.6194334818962534,36.33036844928691,-78.11690649968003,-75.47540372348217,14.348197267162321,-78.11690649968003,-78.88995725558267,-114.44727494896694,3,0.9862000510164836,30,4740.0,4740.0,16380.0,1401668.2038984823,50,30,30,104,4740.0,4740.0,0.6,2,1824,1,10001
65,0.065,65.0,0.001,1,0,True,0.7718429638962534,-0.4614561161037468,36.33036844928691,-78.11690649968003,-75.47540372348217,14.348197267162321,-78.11690649968003,-78.88995725558267,-114.44727494896694,1,0.9997134746547809,30,3150.0,3150.0,15230.0,1436634.8398205126,50,30,30,145,3150.0,3150.0,0.6,2,1825,1,10001
66,0.066,66.0,0.001,1,0,True,0.7718429638962534,-3.0553996381037463,36.33036844928691,-78.11690649968003,-75.47540372348217,14.348197267162321,-78.11690649968003,-78.88995725558267,-114.44727494896694,0,0.9999771852776818,30,1890.0,1890.0,15340.0,1445702.1430241023,50,30,30,243,1890.0,1890.0,0.6,2,1826,1,10001
67,0.067,67.0,0.001,1,0,True,0.7718429638962534,-4.707200486103747,36.33036844928691,-78.11690649968003,-75.47540372348217,14.348197267162321,-78.11690649968003,-78.88995725558267,-114.44727494896694,0,0.043125930499205926,30,1890.0,0.0,17340.0,1416788.1001636202,50,30,30,275,1890.0,0.0,0.6,2,1827,1,10001
68,0.068,68.0,0.001,1,0,True,0.7718429638962534,-3.982507064103747,36.33036844928691,-78.11690649968003,-75.47540372348217,14.348197267162321,-78.11690649968003,-78.88995725558267,-114.44727494896694,0,0.9998150170181794,30,1890.0,1890.0,17450.0,1426252.3381603477,50,30,30,277,1890.0,1890.0,0.6,2,1828,1,10001
69,0.069,69.0,0.001,1,0,True,0.7718429638962534,-2.1503949961037465,36.33036844928691,-78.11690649968003,-75.47540372348217,14.348197267162321,-78.11690649968003,-78.88995725558267,-114.44727494896694,0,0.999999999985405,30,2370.0,2370.0,17080.0,1445127.2913971406,50,30,30,217,2370.0,2370.0,0.6,2,1829,1,10001
70,0.07,70.0,0.001,1,0,True,0.7718429638962534,-0.4710511921037466,36.33036844928691,-78.11690649968003,-75.47540372348217,14.348197267162321,-78.11690649968003,-78.88995725558267,-114.44727494896694,1,0.999999993984918,30,3150.0,3150.0,15930.0,1479224.7455691977,50,30,30,152,3150.0,3150.0,0.6,2,1830,1,10001
71,0.07100000000000001,71.00000000000001,0.001,1,0,True,0.7718429638962534,-0.08269463010374661,36.33036844928691,-78.11690649968003,-75.47540372348217,14.348197267162321,-78.11690649968003,-78.88995725558267,-114.44727494896694,2,0.9999953325317356,30,3780.0,3780.0,14150.0,1525240.2506578136,50,30,30,112,3780.0,3780.0,0.6,2,1831,1,10001
72,0.07200000000000001,72.00000000000001,0.001,1,0,True,0.7718429638962534,-1.6209289701037466,36.33036844928691,-78.11690649968003,-75.47540372348217,14.348197267162321,-78.11690649968003,-78.88995725558267,-114.44727494896694,0,0.9999997199911357,30,2370.0,2370.0,13780.0,1542135.4456446574,50,30,30,175,2370.0,2370.0,0.6,2,1832,1,10001
73,0.073,73.0,0.001,1,0,True,0.7718429638962534,-1.0448802561037467,36.33036844928691,-78.11690649968003,-75.47540372348217,14.348197267162321,-78.11690649968003,-78.88995725558267,-114.44727494896694,0,0.9999999933070147,30,2370.0,2370.0,13410.0,1558692.7367317642,50,30,30,170,2370.0,2370.0,0.6,2,1833,1,10001
74,0.074,74.0,0.001,1,0,True,0.7718429638962534,0.11529981189625335,36.33036844928691,-78.11690649968003,-75.47540372348217,14.348197267162321,-78.11690649968003,-78.88995725558267,-114.44727494896694,2,0.9999912505091942,30,3780.0,3780.0,11630.0,1603118.881997129,50,30,30,93,3780.0,3780.0,0.6,2,1834,1,10001
75,0.075,75.0,0.001,1,0,True,0.7718429638962534,-0.18089745810374666,36.33036844928691,-78.11690649968003,-75.47540372348217,14.348197267162321,-78.11690649968003,-78.88995725558267,-114.44727494896694,2,0.9999534915052725,30,3780.0,3780.0,9850.0,1646656.5043571864,50,30,30,78,3780.0,3780.0,0.6,2,1835,1,10001
76,0.076,76.0,0.001,1,0,True,0.7718429638962534,-0.9986192961037466,36.33036844928691,-78.11690649968003,-75.47540372348217,14.348197267162321,-78.11690649968003,-78.88995725558267,-114.44727494896694,0,0.999999996224789,30,2370.0,2370.0,9480.0,1661123.3742700426,50,30,30,120,2370.0,2370.0,0.6,2,1836,1,10001
77,0.077,77.0,0.001,1,0,True,0.7718429638962534,-3.2897312381037467,36.33036844928691,-78.11690649968003,-75.47540372348217,14.348197267162321,-78.11690649968003,-78.88995725558267,-114.44727494896694,0,0.8658243355190743,30,1890.0,1890.0,9590.0,1665700.9067846418,50,30,30,152,1890.0,1890.0,0.6,2,1837,1,10001
78,0.078,78.0,0.001,1,0,True,0.7718429638962534,-6.720835716103746,36.33036844928691,-78.11690649968003,-75.47540372348217,14.348197267162321,-78.11690649968003,-78.88995725558267,-114.44727494896694,0,2.3705832949481625e-08,30,1890.0,0.0,11590.0,1632386.8886489489,50,30,30,184,1890.0,0.0,0.6,2,1838,1,10001
79,0.079,79.0,0.001,1,0,True,0.7718429638962534,-2.4245278361037466,36.33036844928691,-78.11690649968003,-75.47540372348217,14.348197267162321,-78.11690649968003,-78.88995725558267,-114.44727494896694,0,0.9999996262480233,30,1890.0,1890.0,11700.0,1637539.1508759698,50,30,30,186,1890.0,1890.0,0.6,2,1839,1,10001
80,0.08,80.0,0.001,1,0,True,0.7718429638962534,-0.0080235741037467,36.33036844928691,-78.11690649968003,-75.47540372348217,14.348197267162321,-78.11690649968003,-78.88995725558267,-114.44727494896694,2,0.9999999574166716,30,3780.0,3780.0,9920.0,1680388.3678584504,50,30,30,79,3780.0,3780.0,0.6,2,1840,1,10001
81,0.081,81.0,0.001,1,0,True,0.7718429638962534,1.4738786538962532,36.33036844928691,-78.11690649968003,-75.47540372348217,14.348197267162321,-78.11690649968003,-78.88995725558267,-114.44727494896694,3,0.9999999994810522,30,4740.0,4740.0,7180.0,1741580.6005012814,50,30,30,46,4740.0,4740.0,0.6,2,1841,1,10001
82,0.082,82.0,0.001,1,0,True,0.7718429638962534,1.565258546896253,36.33036844928691,-78.11690649968003,-75.47540372348217,14.348197267162321,-78.11690649968003,-78.88995725558267,-114.44727494896694,3,0.9999999999910916,30,4740.0,4740.0,4440.0,1801548.9884912558,50,30,30,29,4740.0,4740.0,0.6,2,1842,1,10001
83,0.083,83.0,0.001,1,0,True,0.7718429638962534,0.8891284658962533,36.33036844928691,-78.11690649968003,-75.47540372348217,14.348197267162321,-78.11690649968003,-78.88995725558267,-114.44727494896694,3,0.9999999931150176,30,4740.0,4740.0,1700.0,1860318.0087214306,50,30,30,11,4740.0,4740.0,0.6,2,1843,1,10001
84,0.084,84.0,0.001,1,0,True,0.7718429638962534,-0.6690227161037466,36.33036844928691,-78.11690649968003,-75.47540372348217,14.348197267162321,-78.11690649968003,-78.88995725558267,-114.44727494896694,1,0.9997914773678821,30,3150.0,3150.0,550.0,1886111.6485470019,50,30,30,6,3150.0,3150.0,0.6,2,1844,1,10001
85,0.085,85.0,0.001,1,0,True,0.7718429638962534,-3.363624216103747,36.33036844928691,-78.11690649968003,-75.47540372348217,14.348197267162321,-78.11690649968003,-78.88995725558267,-114.44727494896694,0,0.9510342787103073,30,1890.0,1890.0,660.0,1886189.4155760617,50,30,30,11,1890.0,1890.0,0.6,2,1845,1,10001
86,0.08600000000000001,86.0,0.001,1,0,True,0.7718429638962534,-4.501981482503747,36.33036844928691,-78.11690649968003,-75.47540372348217,14.348197267162321,-78.11690649968003,-78.88995725558267,-114.44727494896694,0,0.22845870139276855,30,1890.0,0.0,2660.0,1848465.6272645404,50,30,30,43,1890.0,0.0,0.6,2,1846,1,10001
87,0.08700000000000001,87.00000000000001,0.001,1,0,True,0.7718429638962534,-4.368644536103747,36.33036844928691,-78.11690649968003,-75.47540372348217,14.348197267162321,-78.11690649968003,-78.88995725558267,-114.44727494896694,0,0.21426188057087184,30,1890.0,0.0,4660.0,1811496.3147192495,50,30,30,74,1890.0,0.0,0.6,2,1847,1,10001
88,0.088,88.0,0.001,1,0,True,0.7718429638962534,-3.4115419761037464,36.33036844928691,-78.11690649968003,-75.47540372348217,14.348197267162321,-78.11690649968003,-78.88995725558267,-114.44727494896694,0,0.9987206425048823,30,1890.0,1890.0,4770.0,1813066.3884248645,50,30,30,76,1890.0,1890.0,0.6,2,1848,1,10001
89,0.089,89.0,0.001,1,0,True,0.7718429638962534,-0.8043491901037467,36.33036844928691,-78.11690649968003,-75.47540372348217,14.348197267162321,-78.11690649968003,-78.88995725558267,-114.44727494896694,1,0.9870163489228816,30,3150.0,3150.0,3620.0,1839805.060656367,50,30,30,35,3150.0,3150.0,0.6,2,1849,1,10001
90,0.09,90.0,0.001,1,0,True,0.7718429638962534,-0.6042654361037467,36.33036844928691,-78.11690649968003,-75.47540372348217,14.348197267162321,-78.11690649968003,-78.88995725558267,-114.44727494896694,1,0.9903642840040844,30,3150.0,3150.0,2470.0,1866008.9594432397,50,30,30,24,3150.0,3150.0,0.6,2,1850,1,10001
91,0.091,91.0,0.001,1,0,True,0.7718429638962534,-2.4746953101037463,36.33036844928691,-78.11690649968003,-75.47540372348217,14.348197267162321,-78.11690649968003,-78.88995725558267,-114.44727494896694,0,0.9999378875529901,30,1890.0,1890.0,2580.0,1866488.780254375,50,30,30,41,1890.0,1890.0,0.6,2,1851,1,10001
92,0.092,92.0,0.001,1,0,True,0.7718429638962534,-1.6210172361037467,36.33036844928691,-78.11690649968003,-75.47540372348217,14.348197267162321,-78.11690649968003,-78.88995725558267,-114.44727494896694,0,0.9999432257118093,30,2370.0,2370.0,2210.0,1876559.0046492873,50,30,30,28,2370.0,2370.0,0.6,2,1852,1,10001
93,0.093,93.0,0.001,1,0,True,0.7718429638962534,-0.7036333201037468,36.33036844928691,-78.11690649968003,-75.47540372348217,14.348197267162321,-78.11690649968003,-78.88995725558267,-114.44727494896694,1,0.9933821737670676,30,3150.0,3150.0,1060.0,1902027.8245563016,50,30,30,11,3150.0,3150.0,0.6,2,1853,1,10001
94,0.094,94.0,0.001,1,0,True,0.7718429638962534,0.2496781438962536,36.33036844928691,-78.11690649968003,-75.47540372348217,14.348197267162321,-78.11690649968003,-78.88995725558267,-114.44727494896694,3,0.9981838409794781,20,3060.0,3060.0,0.0,1925187.2680651755,50,20,20,0,3060.0,3060.0,0.4,2,1854,1,10001
95,0.095,95.0,0.001,1,0,True,0.7718429638962534,1.3123557016962537,36.33036844928691,-78.11690649968003,-75.47540372348217,14.348197267162321,-78.11690649968003,-78.88995725558267,-114.44727494896694,3,0.9999998801564493,14,2000.0,2000.0,0.0,1926683.522703872,50,14,14,0,2000.0,2000.0,0.28,2,1855,1,10001
96,0.096,96.0,0.001,1,0,True,0.7718429638962534,0.7604563838962534,36.33036844928691,-78.11690649968003,-75.47540372348217,14.348197267162321,-78.11690649968003,-78.88995725558267,-114.44727494896694,3,0.9999884280322704,14,2000.0,2000.0,0.0,1928149.8522497946,50,14,14,0,2000.0,2000.0,0.28,2,1856,1,10001
97,0.097,97.0,0.001,1,0,True,0.7718429638962534,-1.8042106961037465,36.33036844928691,-78.11690649968003,-75.47540372348217,14.348197267162321,-78.11690649968003,-78.88995725558267,-114.44727494896694,0,0.9969675064723007,26,2000.0,2000.0,0.0,1929586.8552047987,50,26,26,0,2000.0,2000.0,0.52,2,1857,1,10001
98,0.098,98.0,0.001,1,0,True,0.7718429638962534,-5.146472530103747,36.33036844928691,-78.11690649968003,-75.47540372348217,14.348197267162321,-78.11690649968003,-78.88995725558267,-114.44727494896694,0,1.0644500993210107e-07,30,1890.0,0.0,2000.0,1890995.1181007028,50,30,30,32,1890.0,0.0,0.6,2,1858,1,10001
99,0.099,99.0,0.001,1,0,True,0.7718429638962534,-6.452335216103746,36.33036844928691,-78.11690649968003,-75.47540372348217,14.348197267162321,-78.11690649968003,-78.88995725558267,-114.44727494896694,0,4.378796474634084e-09,30,1890.0,0.0,4000.0,1853175.2157386886,50,30,30,64,1890.0,0.0,0.6,2,1859,1,10001
100,0.1,100.0,0.001,1,0,True,0.7718429638962534,-4.360122336103746,36.33036844928691,-78.11690649968003,-75.47540372348217,14.348197267162321,-78.11690649968003,-78.88995725558267,-114.44727494896694,0,3.3090912408031496e-05,30,1890.0,0.0,6000.0,1816111.7114239149,50,30,30,95,1890.0,0.0,0.6,2,1860,1,10001
101,0.101,101.0,0.001,1,0,True,0.7718429638962534,-3.057636836103747,36.33036844928691,-78.11690649968003,-75.47540372348217,14.348197267162321,-78.11690649968003,-78.88995725558267,-114.44727494896694,0,0.17253137315730896,30,1890.0,0.0,8000.0,1779789.4771954366,50,30,30,127,1890.0,0.0,0.6,2,1861,1,10001
102,0.10200000000000001,102.00000000000001,0.001,1,0,True,0.7718429638962534,-3.284294496103746,36.33036844928691,-78.11690649968003,-75.47540372348217,14.348197267162321,-78.11690649968003,-78.88995725558267,-114.44727494896694,0,0.7918253953483495,30,1890.0,1890.0,8110.0,1781993.6876515278,50,30,30,129,1890.0,1890.0,0.6,2,1862,1,10001
103,0.10300000000000001,103.00000000000001,0.001,1,0,True,0.7718429638962534,-3.0659996341037465,36.33036844928691,-78.11690649968003,-75.47540372348217,14.348197267162321,-78.11690649968003,-78.88995725558267,-114.44727494896694,0,0.9909348009362952,30,1890.0,1890.0,8220.0,1784153.8138984973,50,30,30,131,1890.0,1890.0,0.6,2,1863,1,10001
104,0.10400000000000001,104.00000000000001,0.001,1,0,True,0.7718429638962534,-1.8032617901037467,36.33036844928691,-78.11690649968003,-75.47540372348217,14.348197267162321,-78.11690649968003,-78.88995725558267,-114.44727494896694,0,0.9999251917641161,30,2370.0,2370.0,7850.0,1795870.7376205274,50,30,30,100,2370.0,2370.0,0.6,2,1864,1,10001
105,0.105,105.0,0.001,1,0,True,0.7718429638962534,-2.0403420261037466,36.33036844928691,-78.11690649968003,-75.47540372348217,14.348197267162321,-78.11690649968003,-78.88995725558267,-114.44727494896694,0,0.999491890845182,30,2370.0,2370.0,7480.0,1807353.322868117,50,30,30,95,2370.0,2370.0,0.6,2,1865,1,10001
106,0.106,106.0,0.001,1,0,True,0.7718429638962534,-3.4918672361037464,36.33036844928691,-78.11690649968003,-75.47540372348217,14.348197267162321,-78.11690649968003,-78.88995725558267,-114.44727494896694,0,0.43820895817417566,30,1890.0,0.0,9480.0,1771206.2564107545,50,30,30,150,1890.0,0.0,0.6,2,1866,1,10001
107,0.107,107.0,0.001,1,0,True,0.7718429638962534,-5.2819723281037465,36.33036844928691,-78.11690649968003,-75.47540372348217,14.348197267162321,-78.11690649968003,-78.88995725558267,-114.44727494896694,0,0.0024478407748649354,30,1890.0,0.0,11480.0,1735782.1312825393,50,30,30,182,1890.0,0.0,0.6,2,1867,1,10001
108,0.108,108.0,0.001,1,0,True,0.7718429638962534,-4.107420988103746,36.33036844928691,-78.11690649968003,-75.47540372348217,14.348197267162321,-78.11690649968003,-78.88995725558267,-114.44727494896694,0,0.8620773197703425,30,1890.0,1890.0,11590.0,1738866.4886568885,50,30,30,184,1890.0,1890.0,0.6,2,1868,1,10001
109,0.109,109.0,0.001,1,0,True,0.7718429638962534,-2.5011317861037465,36.33036844928691,-78.11690649968003,-75.47540372348217,14.348197267162321,-78.11690649968003,-78.88995725558267,-114.44727494896694,0,0.9999970869781377,30,1890.0,1890.0,11700.0,1741889.1588837507,50,30,30,186,1890.0,1890.0,0.6,2,1869,1,10001
110,0.11,110.0,0.001,1,0,True,0.7718429638962534,-1.0325952761037465,36.33036844928691,-78.11690649968003,-75.47540372348217,14.348197267162321,-78.11690649968003,-78.88995725558267,-114.44727494896694,0,0.9999987184223469,30,2370.0,2370.0,11330.0,1754451.3757060757,50,30,30,144,2370.0,2370.0,0.6,2,1870,1,10001
111,0.111,111.0,0.001,1,0,True,0.7718429638962534,-1.8628308361037467,36.33036844928691,-78.11690649968003,-75.47540372348217,14.348197267162321,-78.11690649968003,-78.88995725558267,-114.44727494896694,0,0.9288474512537374,30,2370.0,2370.0,10960.0,1766762.3481919542,50,30,30,139,2370.0,2370.0,0.6,2,1871,1,10001
112,0.112,112.0,0.001,1,0,True,0.7718429638962534,-4.243596205703747,36.33036844928691,-78.11690649968003,-75.47540372348217,14.348197267162321,-78.11690649968003,-78.88995725558267,-114.44727494896694,0,1.2775370975588302e-06,30,1890.0,0.0,12960.0,1731427.1012281151,50,30,30,206,1890.0,0.0,0.6,2,1872,1,10001
113,0.113,113.0,0.001,1,0,True,0.7718429638962534,-4.971687852103746,36.33036844928691,-78.11690649968003,-75.47540372348217,14.348197267162321,-78.11690649968003,-78.88995725558267,-114.44727494896694,0,1.291410452387674e-06,30,1890.0,0.0,14960.0,1696798.5592035528,50,30,30,237,1890.0,0.0,0.6,2,1873,1,10001
114,0.114,114.0,0.001,1,0,True,0.7718429638962534,-4.3013458561037465,36.33036844928691,-78.11690649968003,-75.47540372348217,14.348197267162321,-78.11690649968003,-78.88995725558267,-114.44727494896694,0,0.44488287207296057,30,1890.0,1890.0,15070.0,1700662.5880194816,50,30,30,239,1890.0,1890.0,0.6,2,1874,1,10001
115,0.115,115.0,0.001,1,0,True,0.7718429638962534,-2.973611233303746,36.33036844928691,-78.11690649968003,-75.47540372348217,14.348197267162321,-78.11690649968003,-78.88995725558267,-114.44727494896694,0,0.9997930381418081,30,1890.0,1890.0,15180.0,1704449.336259092,50,30,30,241,1890.0,1890.0,0.6,2,1875,1,10001
116,0.116,116.0,0.001,1,0,True,0.7718429638962534,-1.8693655801037463,36.33036844928691,-78.11690649968003,-75.47540372348217,14.348197267162321,-78.11690649968003,-78.88995725558267,-114.44727494896694,0,0.999956822691179,30,2370.0,2370.0,14810.0,1717760.3495339102,50,30,30,188,2370.0,2370.0,0.6,2,1876,1,10001
117,0.117,117.0,0.001,1,0,True,0.7718429638962534,-1.7758712001037467,36.33036844928691,-78.11690649968003,-75.47540372348217,14.348197267162321,-78.11690649968003,-78.88995725558267,-114.44727494896694,0,0.9970215789983562,30,2370.0,2370.0,14440.0,1730805.1425432318,50,30,30,183,2370.0,2370.0,0.6,2,1877,1,10001
118,0.11800000000000001,118.00000000000001,0.001,1,0,True,0.7718429638962534,-3.2751487221037467,36.33036844928691,-78.11690649968003,-75.47540372348217,14.348197267162321,-78.11690649968003,-78.88995725558267,-114.44727494896694,0,0.7109712858039297,30,1890.0,1890.0,14550.0,1733989.0396923672,50,30,30,231,1890.0,1890.0,0.6,2,1878,1,10001
119,0.11900000000000001,119.00000000000001,0.001,1,0,True,0.7718429638962534,-4.919472616103746,36.33036844928691,-78.11690649968003,-75.47540372348217,14.348197267162321,-78.11690649968003,-78.88995725558267,-114.44727494896694,0,0.8571989164113791,30,1890.0,1890.0,14660.0,1737109.25889852,50,30,30,232,1890.0,1890.0,0.6,2,1879,1,10001
120,0.12,120.0,0.001,1,0,True,0.7718429638962534,-4.511904076103747,36.33036844928691,-78.11690649968003,-75.47540372348217,14.348197267162321,-78.11690649968003,-78.88995725558267,-114.44727494896694,0,0.9942072918713528,30,1890.0,1890.0,14770.0,1740167.0737205495,50,30,30,234,1890.0,1890.0,0.6,2,1880,1,10001
121,0.121,121.0,0.001,1,0,True,0.7718429638962534,-3.9615689361037467,36.33036844928691,-78.11690649968003,-75.47540372348217,14.348197267162321,-78.11690649968003,-78.88995725558267,-114.44727494896694,0,0.9892985901671779,30,1890.0,1890.0,14880.0,1743163.7322461384,50,30,30,236,1890.0,1890.0,0.6,2,1881,1,10001
122,0.122,122.0,0.001,1,0,True,0.7718429638962534,-3.6421556721037467,36.33036844928691,-78.11690649968003,-75.47540372348217,14.348197267162321,-78.11690649968003,-78.88995725558267,-114.44727494896694,0,0.025498589563532938,30,1890.0,0.0,16880.0,1708300.4576012157,50,30,30,268,1890.0,0.0,0.6,2,1882,1,10001
123,0.123,123.0,0.001,1,0,True,0.7718429638962534,-5.065608496103747,36.33036844928691,-78.11690649968003,-75.47540372348217,14.348197267162321,-78.11690649968003,-78.88995725558267,-114.44727494896694,0,7.742223592418757e-09,30,1890.0,0.0,18880.0,1674134.4484491914,50,30,30,299,1890.0,0.0,0.6,2,1883,1,10001
124,0.124,124.0,0.001,1,0,True,0.7718429638962534,-6.799897136103747,36.33036844928691,-78.11690649968003,-75.47540372348217,14.348197267162321,-78.11690649968003,-78.88995725558267,-114.44727494896694,0,7.118447982182951e-14,30,1890.0,0.0,20880.0,1640651.7594802075,50,30,30,331,1890.0,0.0,0.6,2,1884,1,10001
125,0.125,125.0,0.001,1,0,True,0.7718429638962534,-6.2741140561037465,36.33036844928691,-78.11690649968003,-75.47540372348217,14.348197267162321,-78.11690649968003,-78.88995725558267,-114.44727494896694,0,2.932047190476276e-11,30,1890.0,0.0,22880.0,1607838.7242906033,50,30,30,363,1890.0,0.0,0.6,2,1885,1,10001
126,0.126,126.0,0.001,1,0,True,0.7718429638962534,-4.624284276103747,36.33036844928691,-78.11690649968003,-75.47540372348217,14.348197267162321,-78.11690649968003,-78.88995725558267,-114.44727494896694,0,0.0005608167464752946,30,1890.0,0.0,24880.0,1575681.9498047912,50,30,30,394,1890.0,0.0,0.6,2,1886,1,10001
127,0.127,127.0,0.001,1,0,True,0.7718429638962534,-1.9483312161037467,36.33036844928691,-78.11690649968003,-75.47540372348217,14.348197267162321,-78.11690649968003,-78.88995725558267,-114.44727494896694,0,0.9998343030139135,30,2370.0,2370.0,24510.0,1591568.3108086954,50,30,30,311,2370.0,2370.0,0.6,2,1887,1,10001
128,0.128,128.0,0.001,1,0,True,0.7718429638962534,-0.05287125610374661,36.33036844928691,-78.11690649968003,-75.47540372348217,14.348197267162321,-78.11690649968003,-78.88995725558267,-114.44727494896694,2,0.9975980657813063,30,3780.0,3780.0,22730.0,1635336.9445925215,50,30,30,180,3780.0,3780.0,0.6,2,1888,1,10001
129,0.129,129.0,0.001,1,0,True,0.7718429638962534,0.13515746989625338,36.33036844928691,-78.11690649968003,-75.47540372348217,14.348197267162321,-78.11690649968003,-78.88995725558267,-114.44727494896694,2,0.999993685896758,30,3780.0,3780.0,20950.0,1678230.205700671,50,30,30,166,3780.0,3780.0,0.6,2,1889,1,10001
130,0.13,130.0,0.001,1,0,True,0.7718429638962534,-1.2817157161037462,36.33036844928691,-78.11690649968003,-75.47540372348217,14.348197267162321,-78.11690649968003,-78.88995725558267,-114.44727494896694,0,0.9999999999870617,30,2370.0,2370.0,20580.0,1692065.6015866576,50,30,30,261,2370.0,2370.0,0.6,2,1890,1,10001
131,0.131,131.0,0.001,1,0,True,0.7718429638962534,-2.8393860561037463,36.33036844928691,-78.11690649968003,-75.47540372348217,14.348197267162321,-78.11690649968003,-78.88995725558267,-114.44727494896694,0,0.9999995533576093,30,1890.0,1890.0,20690.0,1696024.2895549245,50,30,30,328,1890.0,1890.0,0.6,2,1891,1,10001
132,0.132,132.0,0.001,1,0,True,0.7718429638962534,-4.855171568103746,36.33036844928691,-78.11690649968003,-75.47540372348217,14.348197267162321,-78.11690649968003,-78.88995725558267,-114.44727494896694,0,0.9816395410173168,30,1890.0,1890.0,20800.0,1699903.803763826,50,30,30,330,1890.0,1890.0,0.6,2,1892,1,10001
133,0.133,133.0,0.001,1,0,True,0.7718429638962534,-2.502027709903747,36.33036844928691,-78.11690649968003,-75.47540372348217,14.348197267162321,-78.11690649968003,-78.88995725558267,-114.44727494896694,0,0.9999835274699094,30,1890.0,1890.0,20910.0,1703705.7276885493,50,30,30,331,1890.0,1890.0,0.6,2,1893,1,10001
134,0.134,134.0,0.001,1,0,True,0.7718429638962534,-0.8698499361037467,36.33036844928691,-78.11690649968003,-75.47540372348217,14.348197267162321,-78.11690649968003,-78.88995725558267,-114.44727494896694,1,0.9999714205623657,30,3150.0,3150.0,19760.0,1732631.6131347783,50,30,30,188,3150.0,3150.0,0.6,2,1894,1,10001
135,0.135,135.0,0.001,1,0,True,0.7718429638962534,-0.24967881610374668,36.33036844928691,-78.11690649968003,-75.47540372348217,14.348197267162321,-78.11690649968003,-78.88995725558267,-114.44727494896694,2,0.9996776165180438,30,3780.0,3780.0,17980.0,1773578.9808720828,50,30,30,143,3780.0,3780.0,0.6,2,1895,1,10001
136,0.136,136.0,0.001,1,0,True,0.7718429638962534,-1.1119658081037467,36.33036844928691,-78.11690649968003,-75.47540372348217,14.348197267162321,-78.11690649968003,-78.88995725558267,-114.44727494896694,0,0.9999999855591444,30,2370.0,2370.0,17610.0,1785507.4012546411,50,30,30,223,2370.0,2370.0,0.6,2,1896,1,10001
137,0.137,137.0,0.001,1,0,True,0.7718429638962534,-2.1011568561037466,36.33036844928691,-78.11690649968003,-75.47540372348217,14.348197267162321,-78.11690649968003,-78.88995725558267,-114.44727494896694,0,0.9999245442860729,30,2370.0,2370.0,17240.0,1797197.2532295482,50,30,30,219,2370.0,2370.0,0.6,2,1897,1,10001
138,0.138,138.0,0.001,1,0,True,0.7718429638962534,-3.5348846601037462,36.33036844928691,-78.11690649968003,-75.47540372348217,14.348197267162321,-78.11690649968003,-78.88995725558267,-114.44727494896694,0,0.5334415349777765,30,1890.0,1890.0,17350.0,1799053.3081649572,50,30,30,275,1890.0,1890.0,0.6,2,1898,1,10001
139,0.139,139.0,0.001,1,0,True,0.7718429638962534,-5.189354556103747,36.33036844928691,-78.11690649968003,-75.47540372348217,14.348197267162321,-78.11690649968003,-78.88995725558267,-114.44727494896694,0,0.000251132960598386,30,1890.0,0.0,19350.0,1763072.242001658,50,30,30,307,1890.0,0.0,0.6,2,1899,1,10001
140,0.14,140.0,0.001,1,0,True,0.7718429638962534,-6.895012616103746,36.33036844928691,-78.11690649968003,-75.47540372348217,14.348197267162321,-78.11690649968003,-78.88995725558267,-114.44727494896694,0,1.8667166289893215e-10,30,1890.0,0.0,21350.0,1727810.7971616248,50,30,30,338,1890.0,0.0,0.6,2,1900,1,10001
141,0.14100000000000001,141.0,0.001,1,0,True,0.7718429638962534,-10.702691636103747,36.33036844928691,-78.11690649968003,-75.47540372348217,14.348197267162321,-78.11690649968003,-78.88995725558267,-114.44727494896694,0,7.417457992417986e-20,30,1890.0,0.0,23350.0,1693254.5812183924,50,30,30,370,1890.0,0.0,0.6,2,1901,1,10001
142,0.14200000000000002,142.00000000000003,0.001,1,0,True,0.7718429638962534,-9.551972336103747,36.33036844928691,-78.11690649968003,-75.47540372348217,14.348197267162321,-78.11690649968003,-78.88995725558267,-114.44727494896694,0,3.130637265029185e-11,30,1890.0,0.0,25350.0,1659389.4895940244,50,30,30,402,1890.0,0.0,0.6,2,1902,1,10001
143,0.14300000000000002,143.00000000000003,0.001,1,0,True,0.7718429638962534,-3.340907976103747,36.33036844928691,-78.11690649968003,-75.47540372348217,14.348197267162321,-78.11690649968003,-78.88995725558267,-114.44727494896694,0,0.9754214229984824,30,1890.0,1890.0,25460.0,1664001.699802144,50,30,30,403,1890.0,1890.0,0.6,2,1903,1,10001
144,0.14400000000000002,144.00000000000003,0.001,1,0,True,0.7718429638962534,-0.41385865610374656,36.33036844928691,-78.11690649968003,-75.47540372348217,14.348197267162321,-78.11690649968003,-78.88995725558267,-114.44727494896694,1,0.9997589991933575,30,3150.0,3150.0,24310.0,1693721.6658061012,50,30,30,231,3150.0,3150.0,0.6,2,1904,1,10001
145,0.145,145.0,0.001,1,0,True,0.7718429638962534,0.33051123989625336,36.33036844928691,-78.11690649968003,-75.47540372348217,14.348197267162321,-78.11690649968003,-78.88995725558267,-114.44727494896694,3,0.9818271072985642,30,4740.0,4740.0,21570.0,1754647.2324899791,50,30,30,137,4740.0,4740.0,0.6,2,1905,1,10001
146,0.146,146.0,0.001,1,0,True,0.7718429638962534,0.9192496038962534,36.33036844928691,-78.11690649968003,-75.47540372348217,14.348197267162321,-78.11690649968003,-78.88995725558267,-114.44727494896694,3,0.9567366157882593,30,4740.0,4740.0,18830.0,1814354.2878401794,50,30,30,120,4740.0,4740.0,0.6,2,1906,1,10001
147,0.147,147.0,0.001,1,0,True,0.7718429638962534,1.097764677896253,36.33036844928691,-78.11690649968003,-75.47540372348217,14.348197267162321,-78.11690649968003,-78.88995725558267,-114.44727494896694,3,0.9875988845407364,30,4740.0,4740.0,16090.0,1872867.2020833758,50,30,30,102,4740.0,4740.0,0.6,2,1907,1,10001
148,0.148,148.0,0.001,1,0,True,0.7718429638962534,1.2932663958962534,36.33036844928691,-78.11690649968003,-75.47540372348217,14.348197267162321,-78.11690649968003,-78.88995725558267,-114.44727494896694,3,0.9999612162517096,30,4740.0,4740.0,13350.0,1930209.8580417081,50,30,30,85,4740.0,4740.0,0.6,2,1908,1,10001
149,0.149,149.0,0.001,1,0,True,0.7718429638962534,1.8449269538962536,36.33036844928691,-78.11690649968003,-75.47540372348217,14.348197267162321,-78.11690649968003,-78.88995725558267,-114.44727494896694,4,0.9988100636081997,30,5670.0,5670.0,9680.0,2005005.660880874,50,30,30,52,5670.0,5670.0,0.6,2,1909,1,10001
150,0.15,150.0,0.001,1,0,True,0.7718429638962534,2.0328150948962533,36.33036844928691,-78.11690649968003,-75.47540372348217,14.348197267162321,-78.11690649968003,-78.88995725558267,-114.44727494896694,4,0.9994713155174271,30,5670.0,5670.0,6010.0,2078305.5476632563,50,30,30,32,5670.0,5670.0,0.6,2,1910,1,10001
151,0.151,151.0,0.001,1,0,True,0.7718429638962534,1.0421870578962535,36.33036844928691,-78.11690649968003,-75.47540372348217,14.348197267162321,-78.11690649968003,-78.88995725558267,-114.44727494896694,3,0.9996501548503003,30,4740.0,4740.0,3270.0,2131539.436709991,50,30,30,21,4740.0,4740.0,0.6,2,1911,1,10001
152,0.152,152.0,0.001,1,0,True,0.7718429638962534,-0.17505533810374668,36.33036844928691,-78.11690649968003,-75.47540372348217,14.348197267162321,-78.11690649968003,-78.88995725558267,-114.44727494896694,2,0.993232557185971,30,3780.0,3780.0,1490.0,2164508.6479757912,50,30,30,12,3780.0,3780.0,0.6,2,1912,1,10001
153,0.153,153.0,0.001,1,0,True,0.7718429638962534,0.18618164589625333,36.33036844928691,-78.11690649968003,-75.47540372348217,14.348197267162321,-78.11690649968003,-78.88995725558267,-114.44727494896694,2,0.9958812129579824,28,3490.0,3490.0,0.0,2191018.4750162754,50,28,28,0,3490.0,3490.0,0.56,2,1913,1,10001
154,0.154,154.0,0.001,1,0,True,0.7718429638962534,0.22971538589625345,36.33036844928691,-78.11690649968003,-75.47540372348217,14.348197267162321,-78.11690649968003,-78.88995725558267,-114.44727494896694,3,0.9992456075962877,14,2000.0,2000.0,0.0,2187198.10551595,50,14,14,0,2000.0,2000.0,0.28,2,1914,1,10001
155,0.155,155.0,0.001,1,0,True,0.7718429638962534,-0.8047630281037468,36.33036844928691,-78.11690649968003,-75.47540372348217,14.348197267162321,-78.11690649968003,-78.88995725558267,-114.44727494896694,1,0.999999999998842,20,2000.0,2000.0,0.0,2183454.1434056307,50,20,20,0,2000.0,2000.0,0.4,2,1915,1,10001
156,0.156,156.0,0.001,1,0,True,0.7718429638962534,-1.8440798761037467,36.33036844928691,-78.11690649968003,-75.47540372348217,14.348197267162321,-78.11690649968003,-78.88995725558267,-114.44727494896694,0,0.9999999999858589,26,2000.0,2000.0,0.0,2179785.060537518,50,26,26,0,2000.0,2000.0,0.52,2,1916,1,10001
157,0.157,157.0,0.001,1,0,True,0.7718429638962534,-2.709123816103747,36.33036844928691,-78.11690649968003,-75.47540372348217,14.348197267162321,-78.11690649968003,-78.88995725558267,-114.44727494896694,0,0.9999914630810344,30,1890.0,1890.0,110.0,2173989.3593267677,50,30,30,2,1890.0,1890.0,0.6,2,1917,1,10001
158,0.158,158.0,0.001,1,0,True,0.7718429638962534,-5.185720264103747,36.33036844928691,-78.11690649968003,-75.47540372348217,14.348197267162321,-78.11690649968003,-78.88995725558267,-114.44727494896694,0,0.0005210494871587931,30,1890.0,0.0,2110.0,2130509.572140232,50,30,30,34,1890.0,0.0,0.6,2,1918,1,10001
159,0.159,159.0,0.001,1,0,True,0.7718429638962534,-8.089070810303747,36.33036844928691,-78.11690649968003,-75.47540372348217,14.348197267162321,-78.11690649968003,-78.88995725558267,-114.44727494896694,0,5.301268194367434e-13,30,1890.0,0.0,4110.0,2087899.3806974276,50,30,30,66,1890.0,0.0,0.6,2,1919,1,10001
160,0.16,160.0,0.001,1,0,True,0.7718429638962534,-7.873915436103747,36.33036844928691,-78.11690649968003,-75.47540372348217,14.348197267162321,-78.11690649968003,-78.88995725558267,-114.44727494896694,0,1.4237019265162776e-12,30,1890.0,0.0,6110.0,2046141.393083479,50,30,30,97,1890.0,0.0,0.6,2,1920,1,10001
161,0.161,161.0,0.001,1,0,True,0.7718429638962534,-4.734535496103747,36.33036844928691,-78.11690649968003,-75.47540372348217,14.348197267162321,-78.11690649968003,-78.88995725558267,-114.44727494896694,0,6.280896605698821e-06,30,1890.0,0.0,8110.0,2005218.5652218093,50,30,30,129,1890.0,0.0,0.6,2,1921,1,10001
162,0.162,162.0,0.001,1,0,True,0.7718429638962534,-2.9594617761037467,36.33036844928691,-78.11690649968003,-75.47540372348217,14.348197267162321,-78.11690649968003,-78.88995725558267,-114.44727494896694,0,0.1776197229912895,30,1890.0,0.0,10110.0,1965114.1939173732,50,30,30,160,1890.0,0.0,0.6,2,1922,1,10001
163,0.163,163.0,0.001,1,0,True,0.7718429638962534,-1.4858356081037467,36.33036844928691,-78.11690649968003,-75.47540372348217,14.348197267162321,-78.11690649968003,-78.88995725558267,-114.44727494896694,0,0.9865708185801833,30,2370.0,2370.0,9740.0,1973211.9100390256,50,30,30,124,2370.0,2370.0,0.6,2,1923,1,10001
164,0.164,164.0,0.001,1,0,True,0.7718429638962534,-1.3711263221037462,36.33036844928691,-78.11690649968003,-75.47540372348217,14.348197267162321,-78.11690649968003,-78.88995725558267,-114.44727494896694,0,0.9963812963865968,30,2370.0,2370.0,9370.0,1981147.6718382451,50,30,30,119,2370.0,2370.0,0.6,2,1924,1,10001
165,0.165,165.0,0.001,1,0,True,0.7718429638962534,-2.631392566103747,36.33036844928691,-78.11690649968003,-75.47540372348217,14.348197267162321,-78.11690649968003,-78.88995725558267,-114.44727494896694,0,0.7721123661253646,30,1890.0,0.0,11370.0,1941524.7184014802,50,30,30,180,1890.0,0.0,0.6,2,1925,1,10001
166,0.166,166.0,0.001,1,0,True,0.7718429638962534,-5.346166810103746,36.33036844928691,-78.11690649968003,-75.47540372348217,14.348197267162321,-78.11690649968003,-78.88995725558267,-114.44727494896694,0,0.0027249283840769687,30,1890.0,0.0,13370.0,1902694.2240334507,50,30,30,212,1890.0,0.0,0.6,2,1926,1,10001
167,0.167,167.0,0.001,1,0,True,0.7718429638962534,-6.014727296103748,36.33036844928691,-78.11690649968003,-75.47540372348217,14.348197267162321,-78.11690649968003,-78.88995725558267,-114.44727494896694,0,9.611212730727543e-05,30,1890.0,0.0,15370.0,1864640.3395527815,50,30,30,244,1890.0,0.0,0.6,2,1927,1,10001
168,0.168,168.0,0.001,1,0,True,0.7718429638962534,-4.659325214103746,36.33036844928691,-78.11690649968003,-75.47540372348217,14.348197267162321,-78.11690649968003,-78.88995725558267,-114.44727494896694,0,0.0010198295202155925,30,1890.0,0.0,17370.0,1827347.5327617258,50,30,30,275,1890.0,0.0,0.6,2,1928,1,10001
169,0.169,169.0,0.001,1,0,True,0.7718429638962534,-2.569875256103747,36.33036844928691,-78.11690649968003,-75.47540372348217,14.348197267162321,-78.11690649968003,-78.88995725558267,-114.44727494896694,0,0.911666160117066,30,1890.0,1890.0,17480.0,1828600.5821064913,50,30,30,277,1890.0,1890.0,0.6,2,1929,1,10001
170,0.17,170.0,0.001,1,0,True,0.7718429638962534,-0.5255424561037466,36.33036844928691,-78.11690649968003,-75.47540372348217,14.348197267162321,-78.11690649968003,-78.88995725558267,-114.44727494896694,1,0.9085662295127465,30,3150.0,3150.0,16330.0,1855028.5704643615,50,30,30,156,3150.0,3150.0,0.6,2,1930,1,10001
171,0.171,171.0,0.001,1,0,True,0.7718429638962534,-0.5817683761037465,36.33036844928691,-78.11690649968003,-75.47540372348217,14.348197267162321,-78.11690649968003,-78.88995725558267,-114.44727494896694,1,0.9996614916206226,30,3150.0,3150.0,15180.0,1880927.9990550743,50,30,30,145,3150.0,3150.0,0.6,2,1931,1,10001
172,0.17200000000000001,172.0,0.001,1,0,True,0.7718429638962534,-2.2819598361037468,36.33036844928691,-78.11690649968003,-75.47540372348217,14.348197267162321,-78.11690649968003,-78.88995725558267,-114.44727494896694,0,0.9999999777924209,30,2370.0,2370.0,14810.0,1890709.4390739729,50,30,30,188,2370.0,2370.0,0.6,2,1932,1,10001
173,0.17300000000000001,173.00000000000003,0.001,1,0,True,0.7718429638962534,-3.539391540103747,36.33036844928691,-78.11690649968003,-75.47540372348217,14.348197267162321,-78.11690649968003,-78.88995725558267,-114.44727494896694,0,0.999985387723752,30,1890.0,1890.0,14920.0,1890695.2502924933,50,30,30,237,1890.0,1890.0,0.6,2,1933,1,10001
174,0.17400000000000002,174.00000000000003,0.001,1,0,True,0.7718429638962534,-4.153295942103747,36.33036844928691,-78.11690649968003,-75.47540372348217,14.348197267162321,-78.11690649968003,-78.88995725558267,-114.44727494896694,0,0.9980778263968345,30,1890.0,1890.0,15030.0,1890681.3452866434,50,30,30,238,1890.0,1890.0,0.6,2,1934,1,10001
175,0.17500000000000002,175.00000000000003,0.001,1,0,True,0.7718429638962534,-2.2560144901037464,36.33036844928691,-78.11690649968003,-75.47540372348217,14.348197267162321,-78.11690649968003,-78.88995725558267,-114.44727494896694,0,0.9954940118888049,30,2370.0,2370.0,14660.0,1900267.7183809106,50,30,30,186,2370.0,2370.0,0.6,2,1935,1,10001
176,0.176,176.0,0.001,1,0,True,0.7718429638962534,-2.0491695981037465,36.33036844928691,-78.11690649968003,-75.47540372348217,14.348197267162321,-78.11690649968003,-78.88995725558267,-114.44727494896694,0,0.9998599308095288,30,2370.0,2370.0,14290.0,1909662.3640132924,50,30,30,181,2370.0,2370.0,0.6,2,1936,1,10001
177,0.177,177.0,0.001,1,0,True,0.7718429638962534,-2.826169866503747,36.33036844928691,-78.11690649968003,-75.47540372348217,14.348197267162321,-78.11690649968003,-78.88995725558267,-114.44727494896694,0,0.9999875040474909,30,1890.0,1890.0,14400.0,1909269.1167330265,50,30,30,228,1890.0,1890.0,0.6,2,1937,1,10001
178,0.178,178.0,0.001,1,0,True,0.7718429638962534,-3.295614521303747,36.33036844928691,-78.11690649968003,-75.47540372348217,14.348197267162321,-78.11690649968003,-78.88995725558267,-114.44727494896694,0,0.9996250930483133,30,1890.0,1890.0,14510.0,1908883.734398366,50,30,30,230,1890.0,1890.0,0.6,2,1938,1,10001
179,0.179,179.0,0.001,1,0,True,0.7718429638962534,-3.4947072521037468,36.33036844928691,-78.11690649968003,-75.47540372348217,14.348197267162321,-78.11690649968003,-78.88995725558267,-114.44727494896694,0,0.32060986515602835,30,1890.0,0.0,16510.0,1870706.0597103985,50,30,30,262,1890.0,0.0,0.6,2,1939,1,10001
180,0.18,180.0,0.001,1,0,True,0.7718429638962534,-3.5857953961037463,36.33036844928691,-78.11690649968003,-75.47540372348217,14.348197267162321,-78.11690649968003,-78.88995725558267,-114.44727494896694,0,7.084784951246143e-05,30,1890.0,0.0,18510.0,1833291.9385161905,50,30,30,293,1890.0,0.0,0.6,2,1940,1,10001
181,0.181,181.0,0.001,1,0,True,0.7718429638962534,-3.7701203141037474,36.33036844928691,-78.11690649968003,-75.47540372348217,14.348197267162321,-78.11690649968003,-78.88995725558267,-114.44727494896694,0,6.825645832932565e-07,30,1890.0,0.0,20510.0,1796626.0997458666,50,30,30,325,1890.0,0.0,0.6,2,1941,1,10001
182,0.182,182.0,0.001,1,0,True,0.7718429638962534,-3.640233476103747,36.33036844928691,-78.11690649968003,-75.47540372348217,14.348197267162321,-78.11690649968003,-78.88995725558267,-114.44727494896694,0,2.436307141576507e-07,30,1890.0,0.0,22510.0,1760693.5777509492,50,30,30,357,1890.0,0.0,0.6,2,1942,1,10001
183,0.183,183.0,0.001,1,0,True,0.7718429638962534,-3.831995956103747,36.33036844928691,-78.11690649968003,-75.47540372348217,14.348197267162321,-78.11690649968003,-78.88995725558267,-114.44727494896694,0,5.521555012137399e-06,30,1890.0,0.0,24510.0,1725479.7061959303,50,30,30,388,1890.0,0.0,0.6,2,1943,1,10001
184,0.184,184.0,0.001,1,0,True,0.7718429638962534,-3.8482424541037465,36.33036844928691,-78.11690649968003,-75.47540372348217,14.348197267162321,-78.11690649968003,-78.88995725558267,-114.44727494896694,0,0.017069110500554752,30,1890.0,0.0,26510.0,1690970.1120720117,50,30,30,420,1890.0,0.0,0.6,2,1944,1,10001
185,0.185,185.0,0.001,1,0,True,0.7718429638962534,-2.7745328201037465,36.33036844928691,-78.11690649968003,-75.47540372348217,14.348197267162321,-78.11690649968003,-78.88995725558267,-114.44727494896694,0,0.9997574727671954,30,1890.0,1890.0,26620.0,1694950.7098305714,50,30,30,422,1890.0,1890.0,0.6,2,1945,1,10001
186,0.186,186.0,0.001,1,0,True,0.7718429638962534,-1.847170412103747,36.33036844928691,-78.11690649968003,-75.47540372348217,14.348197267162321,-78.11690649968003,-78.88995725558267,-114.44727494896694,0,0.9999999597897397,30,2370.0,2370.0,26250.0,1708451.69563396,50,30,30,333,2370.0,2370.0,0.6,2,1946,1,10001
187,0.187,187.0,0.001,1,0,True,0.7718429638962534,-1.1310630761037466,36.33036844928691,-78.11690649968003,-75.47540372348217,14.348197267162321,-78.11690649968003,-78.88995725558267,-114.44727494896694,0,0.9999999832560164,30,2370.0,2370.0,25880.0,1721682.6617212808,50,30,30,328,2370.0,2370.0,0.6,2,1947,1,10001
188,0.188,188.0,0.001,1,0,True,0.7718429638962534,-2.1614794701037465,36.33036844928691,-78.11690649968003,-75.47540372348217,14.348197267162321,-78.11690649968003,-78.88995725558267,-114.44727494896694,0,0.9999573430766598,30,2370.0,2370.0,25510.0,1734649.008486855,50,30,30,323,2370.0,2370.0,0.6,2,1948,1,10001
189,0.189,189.0,0.001,1,0,True,0.7718429638962534,-3.810181060103747,36.33036844928691,-78.11690649968003,-75.47540372348217,14.348197267162321,-78.11690649968003,-78.88995725558267,-114.44727494896694,0,0.030220557549517014,30,1890.0,0.0,27510.0,1699956.0283171178,50,30,30,436,1890.0,0.0,0.6,2,1949,1,10001
190,0.19,190.0,0.001,1,0,True,0.7718429638962534,-3.102767536103747,36.33036844928691,-78.11690649968003,-75.47540372348217,14.348197267162321,-78.11690649968003,-78.88995725558267,-114.44727494896694,0,2.161737468610125e-06,30,1890.0,0.0,29510.0,1665956.9077507753,50,30,30,467,1890.0,0.0,0.6,2,1950,1,10001
191,0.191,191.0,0.001,1,0,True,0.7718429638962534,-2.411859406103747,36.33036844928691,-78.11690649968003,-75.47540372348217,14.348197267162321,-78.11690649968003,-78.88995725558267,-114.44727494896694,0,0.2301527958208649,30,1890.0,0.0,31510.0,1632637.7695957597,50,30,30,499,1890.0,0.0,0.6,2,1951,1,10001
192,0.192,192.0,0.001,1,0,True,0.7718429638962534,-0.8146845361037467,36.33036844928691,-78.11690649968003,-75.47540372348217,14.348197267162321,-78.11690649968003,-78.88995725558267,-114.44727494896694,1,0.9736288829624,30,3150.0,3150.0,30360.0,1662985.0142038444,50,30,30,289,3150.0,3150.0,0.6,2,1952,1,10001
193,0.193,193.0,0.001,1,0,True,0.7718429638962534,-0.6456456961037467,36.33036844928691,-78.11690649968003,-75.47540372348217,14.348197267162321,-78.11690649968003,-78.88995725558267,-114.44727494896694,1,0.9999722584740472,30,3150.0,3150.0,29210.0,1692725.3139197675,50,30,30,278,3150.0,3150.0,0.6,2,1953,1,10001
194,0.194,194.0,0.001,1,0,True,0.7718429638962534,-1.0984439981037466,36.33036844928691,-78.11690649968003,-75.47540372348217,14.348197267162321,-78.11690649968003,-78.88995725558267,-114.44727494896694,0,0.9999999982157903,30,2370.0,2370.0,28840.0,1706270.807641372,50,30,30,366,2370.0,2370.0,0.6,2,1954,1,10001
195,0.195,195.0,0.001,1,0,True,0.7718429638962534,-1.462884382103747,36.33036844928691,-78.11690649968003,-75.47540372348217,14.348197267162321,-78.11690649968003,-78.88995725558267,-114.44727494896694,0,0.9999983752092149,30,2370.0,2370.0,28470.0,1719545.3914885446,50,30,30,361,2370.0,2370.0,0.6,2,1955,1,10001
196,0.196,196.0,0.001,1,0,True,0.7718429638962534,-1.0683141241037466,36.33036844928691,-78.11690649968003,-75.47540372348217,14.348197267162321,-78.11690649968003,-78.88995725558267,-114.44727494896694,0,0.9999945539948283,30,2370.0,2370.0,28100.0,1732554.4836587738,50,30,30,356,2370.0,2370.0,0.6,2,1956,1,10001
197,0.197,197.0,0.001,1,0,True,0.7718429638962534,-0.2473134541037466,36.33036844928691,-78.11690649968003,-75.47540372348217,14.348197267162321,-78.11690649968003,-78.88995725558267,-114.44727494896694,2,0.9370844309508735,30,3780.0,3780.0,26320.0,1773503.3939855983,50,30,30,209,3780.0,3780.0,0.6,2,1957,1,10001
198,0.198,198.0,0.001,1,0,True,0.7718429638962534,-0.02346135210374654,36.33036844928691,-78.11690649968003,-75.47540372348217,14.348197267162321,-78.11690649968003,-78.88995725558267,-114.44727494896694,2,0.9989954367978526,30,3780.0,3780.0,24540.0,1813633.3261058864,50,30,30,195,3780.0,3780.0,0.6,2,1958,1,10001
199,0.199,199.0,0.001,1,0,True,0.7718429638962534,0.5311274318962534,36.33036844928691,-78.11690649968003,-75.47540372348217,14.348197267162321,-78.11690649968003,-78.88995725558267,-114.44727494896694,3,0.9918093742005879,30,4740.0,4740.0,21800.0,1872160.6595837686,50,30,30,138,4740.0,4740.0,0.6,2,1959,1,10001
200,0.2,200.0,0.001,1,0,True,0.7718429638962534,0.6439493590962533,36.33036844928691,-78.11690649968003,-75.47540372348217,14.348197267162321,-78.11690649968003,-78.88995725558267,-114.44727494896694,3,0.9935622192795268,30,4740.0,4740.0,19060.0,1929517.446392093,50,30,30,121,4740.0,4740.0,0.6,2,1960,1,10001
201,0.201,201.0,0.001,1,0,True,0.7718429638962534,-0.2108556101037465,36.33036844928691,-78.11690649968003,-75.47540372348217,14.348197267162321,-78.11690649968003,-78.88995725558267,-114.44727494896694,2,0.9943726507138291,30,3780.0,3780.0,17280.0,1966527.097464251,50,30,30,137,3780.0,3780.0,0.6,2,1961,1,10001
202,0.202,202.0,0.001,1,0,True,0.7718429638962534,-1.0656573941037468,36.33036844928691,-78.11690649968003,-75.47540372348217,14.348197267162321,-78.11690649968003,-78.88995725558267,-114.44727494896694,0,0.9999998105839404,30,2370.0,2370.0,16910.0,1974596.5555149661,50,30,30,215,2370.0,2370.0,0.6,2,1962,1,10001
203,0.203,203.0,0.001,1,0,True,0.7718429638962534,-1.0545856841037466,36.33036844928691,-78.11690649968003,-75.47540372348217,14.348197267162321,-78.11690649968003,-78.88995725558267,-114.44727494896694,0,0.9999924305330703,30,2370.0,2370.0,16540.0,1982504.6244046667,50,30,30,210,2370.0,2370.0,0.6,2,1963,1,10001
204,0.20400000000000001,204.00000000000003,0.001,1,0,True,0.7718429638962534,-2.0256671161037465,36.33036844928691,-78.11690649968003,-75.47540372348217,14.348197267162321,-78.11690649968003,-78.88995725558267,-114.44727494896694,0,0.9975664437370315,30,2370.0,2370.0,16170.0,1990254.5319165734,50,30,30,205,2370.0,2370.0,0.6,2,1964,1,10001
205,0.20500000000000002,205.00000000000003,0.001,1,0,True,0.7718429638962534,-2.454697296103747,36.33036844928691,-78.11690649968003,-75.47540372348217,14.348197267162321,-78.11690649968003,-78.88995725558267,-114.44727494896694,0,0.03351273333932677,30,1890.0,0.0,18170.0,1950449.4412782418,50,30,30,288,1890.0,0.0,0.6,2,1965,1,10001
206,0.20600000000000002,206.00000000000003,0.001,1,0,True,0.7718429638962534,-4.238391887503746,36.33036844928691,-78.11690649968003,-75.47540372348217,14.348197267162321,-78.11690649968003,-78.88995725558267,-114.44727494896694,0,1.0435615125084096e-05,30,1890.0,0.0,20170.0,1911440.4524526768,50,30,30,320,1890.0,0.0,0.6,2,1966,1,10001
207,0.20700000000000002,207.00000000000003,0.001,1,0,True,0.7718429638962534,-3.2113815161037467,36.33036844928691,-78.11690649968003,-75.47540372348217,14.348197267162321,-78.11690649968003,-78.88995725558267,-114.44727494896694,0,0.025240488616501286,30,1890.0,0.0,22170.0,1873211.6434036233,50,30,30,351,1890.0,0.0,0.6,2,1967,1,10001
208,0.20800000000000002,208.00000000000003,0.001,1,0,True,0.7718429638962534,-1.5838138561037467,36.33036844928691,-78.11690649968003,-75.47540372348217,14.348197267162321,-78.11690649968003,-78.88995725558267,-114.44727494896694,0,0.9983805299933353,30,2370.0,2370.0,21800.0,1883147.4105355507,50,30,30,276,2370.0,2370.0,0.6,2,1968,1,10001
209,0.209,209.0,0.001,1,0,True,0.7718429638962534,-1.2079477661037468,36.33036844928691,-78.11690649968003,-75.47540372348217,14.348197267162321,-78.11690649968003,-78.88995725558267,-114.44727494896694,0,0.9999904770669165,30,2370.0,2370.0,21430.0,1892884.4623248396,50,30,30,272,2370.0,2370.0,0.6,2,1969,1,10001
210,0.21,210.0,0.001,1,0,True,0.7718429638962534,-2.4342032961037465,36.33036844928691,-78.11690649968003,-75.47540372348217,14.348197267162321,-78.11690649968003,-78.88995725558267,-114.44727494896694,0,0.9999994191784546,30,1890.0,1890.0,21540.0,1892826.7730783427,50,30,30,341,1890.0,1890.0,0.6,2,1970,1,10001
211,0.211,211.0,0.001,1,0,True,0.7718429638962534,-0.3921432521037467,36.33036844928691,-78.11690649968003,-75.47540372348217,14.348197267162321,-78.11690649968003,-78.88995725558267,-114.44727494896694,2,0.9498399581512776,30,3780.0,3780.0,19760.0,1930570.2376167758,50,30,30,157,3780.0,3780.0,0.6,2,1971,1,10001
212,0.212,212.0,0.001,1,0,True,0.7718429638962534,0.3492468418962534,36.33036844928691,-78.11690649968003,-75.47540372348217,14.348197267162321,-78.11690649968003,-78.88995725558267,-114.44727494896694,3,0.9983913538325259,30,4740.0,4740.0,17020.0,1986758.8328644403,50,30,30,108,4740.0,4740.0,0.6,2,1972,1,10001
213,0.213,213.0,0.001,1,0,True,0.7718429638962534,-0.2619530961037466,36.33036844928691,-78.11690649968003,-75.47540372348217,14.348197267162321,-78.11690649968003,-78.88995725558267,-114.44727494896694,2,0.9999986557545377,30,3780.0,3780.0,15240.0,2022623.6562071515,50,30,30,121,3780.0,3780.0,0.6,2,1973,1,10001
214,0.214,214.0,0.001,1,0,True,0.7718429638962534,-3.0549533601037466,36.33036844928691,-78.11690649968003,-75.47540372348217,14.348197267162321,-78.11690649968003,-78.88995725558267,-114.44727494896694,0,0.9999999465626737,30,1890.0,1890.0,15350.0,2019971.1830830085,50,30,30,243,1890.0,1890.0,0.6,2,1974,1,10001
215,0.215,215.0,0.001,1,0,True,0.7718429638962534,-5.157854479503746,36.33036844928691,-78.11690649968003,-75.47540372348217,14.348197267162321,-78.11690649968003,-78.88995725558267,-114.44727494896694,0,0.009403545794721923,30,1890.0,0.0,17350.0,1979571.7594213483,50,30,30,275,1890.0,0.0,0.6,2,1975,1,10001
216,0.216,216.0,0.001,1,0,True,0.7718429638962534,-3.8728634641037467,36.33036844928691,-78.11690649968003,-75.47540372348217,14.348197267162321,-78.11690649968003,-78.88995725558267,-114.44727494896694,0,0.29167521733239654,30,1890.0,1890.0,17460.0,1977780.3242329212,50,30,30,277,1890.0,1890.0,0.6,2,1976,1,10001
217,0.217,217.0,0.001,1,0,True,0.7718429638962534,-1.7741787561037468,36.33036844928691,-78.11690649968003,-75.47540372348217,14.348197267162321,-78.11690649968003,-78.88995725558267,-114.44727494896694,0,0.9999992465901523,30,2370.0,2370.0,17090.0,1985624.7177482627,50,30,30,217,2370.0,2370.0,0.6,2,1977,1,10001
218,0.218,218.0,0.001,1,0,True,0.7718429638962534,-0.16315429610374668,36.33036844928691,-78.11690649968003,-75.47540372348217,14.348197267162321,-78.11690649968003,-78.88995725558267,-114.44727494896694,2,0.9999900013834893,30,3780.0,3780.0,15310.0,2021512.2233932973,50,30,30,122,3780.0,3780.0,0.6,2,1978,1,10001
219,0.219,219.0,0.001,1,0,True,0.7718429638962534,0.33213390789625336,36.33036844928691,-78.11690649968003,-75.47540372348217,14.348197267162321,-78.11690649968003,-78.88995725558267,-114.44727494896694,3,0.9999985035840065,30,4740.0,4740.0,12570.0,2075881.9789254314,50,30,30,80,4740.0,4740.0,0.6,2,1979,1,10001
220,0.22,220.0,0.001,1,0,True,0.7718429638962534,0.8037688798962535,36.33036844928691,-78.11690649968003,-75.47540372348217,14.348197267162321,-78.11690649968003,-78.88995725558267,-114.44727494896694,3,0.9999890762852038,30,4740.0,4740.0,9830.0,2129164.339346923,50,30,30,63,4740.0,4740.0,0.6,2,1980,1,10001
221,0.221,221.0,0.001,1,0,True,0.7718429638962534,0.4845157378962534,36.33036844928691,-78.11690649968003,-75.47540372348217,14.348197267162321,-78.11690649968003,-78.88995725558267,-114.44727494896694,3,0.9556996068111634,30,4740.0,0.0,11830.0,2086581.0525599844,50,30,30,75,4740.0,0.0,0.6,2,1981,1,10001
222,0.222,222.0,0.001,1,0,True,0.7718429638962534,0.005035607896253491,36.33036844928691,-78.11690649968003,-75.47540372348217,14.348197267162321,-78.11690649968003,-78.88995725558267,-114.44727494896694,2,0.025035425419659946,30,3780.0,0.0,13830.0,2044849.4315087846,50,30,30,110,3780.0,0.0,0.6,2,1982,1,10001
223,0.223,223.0,0.001,1,0,True,0.7718429638962534,-0.6801851363037467,36.33036844928691,-78.11690649968003,-75.47540372348217,14.348197267162321,-78.11690649968003,-78.88995725558267,-114.44727494896694,1,0.006554853690317298,30,3150.0,0.0,15830.0,2003952.4428786088,50,30,30,151,3150.0,0.0,0.6,2,1983,1,10001
224,0.224,224.0,0.001,1,0,True,0.7718429638962534,-1.0588249901037465,36.33036844928691,-78.11690649968003,-75.47540372348217,14.348197267162321,-78.11690649968003,-78.88995725558267,-114.44727494896694,0,0.9996875937582248,30,2370.0,2370.0,15460.0,2011273.3940210366,50,30,30,196,2370.0,2370.0,0.6,2,1984,1,10001
225,0.225,225.0,0.001,1,0,True,0.7718429638962534,-2.094102316103747,36.33036844928691,-78.11690649968003,-75.47540372348217,14.348197267162321,-78.11690649968003,-78.88995725558267,-114.44727494896694,0,0.9999974084307449,30,2370.0,2370.0,15090.0,2018447.9261406157,50,30,30,192,2370.0,2370.0,0.6,2,1985,1,10001
226,0.226,226.0,0.001,1,0,True,0.7718429638962534,-3.7351952181037467,36.33036844928691,-78.11690649968003,-75.47540372348217,14.348197267162321,-78.11690649968003,-78.88995725558267,-114.44727494896694,0,0.9999997718814647,30,1890.0,1890.0,15200.0,2015878.9676178033,50,30,30,241,1890.0,1890.0,0.6,2,1986,1,10001
227,0.227,227.0,0.001,1,0,True,0.7718429638962534,-2.5698957541037464,36.33036844928691,-78.11690649968003,-75.47540372348217,14.348197267162321,-78.11690649968003,-78.88995725558267,-114.44727494896694,0,0.9999974292114651,30,1890.0,1890.0,15310.0,2013361.3882654472,50,30,30,243,1890.0,1890.0,0.6,2,1987,1,10001
228,0.228,228.0,0.001,1,0,True,0.7718429638962534,-2.1069747381037462,36.33036844928691,-78.11690649968003,-75.47540372348217,14.348197267162321,-78.11690649968003,-78.88995725558267,-114.44727494896694,0,0.9979452417661231,30,2370.0,2370.0,14940.0,2020494.1605001383,50,30,30,190,2370.0,2370.0,0.6,2,1988,1,10001
229,0.229,229.0,0.001,1,0,True,0.7718429638962534,-2.8193376761037467,36.33036844928691,-78.11690649968003,-75.47540372348217,14.348197267162321,-78.11690649968003,-78.88995725558267,-114.44727494896694,0,0.0446855349076693,30,1890.0,0.0,16940.0,1980084.2772901354,50,30,30,269,1890.0,0.0,0.6,2,1989,1,10001
230,0.23,230.0,0.001,1,0,True,0.7718429638962534,-3.546383576103746,36.33036844928691,-78.11690649968003,-75.47540372348217,14.348197267162321,-78.11690649968003,-78.88995725558267,-114.44727494896694,0,1.5342659709832898e-05,30,1890.0,0.0,18940.0,1940482.5917443326,50,30,30,300,1890.0,0.0,0.6,2,1990,1,10001
231,0.231,231.0,0.001,1,0,True,0.7718429638962534,-4.711892836103747,36.33036844928691,-78.11690649968003,-75.47540372348217,14.348197267162321,-78.11690649968003,-78.88995725558267,-114.44727494896694,0,2.3138009820202547e-05,30,1890.0,0.0,20940.0,1901672.9399094458,50,30,30,332,1890.0,0.0,0.6,2,1991,1,10001
232,0.232,232.0,0.001,1,0,True,0.7718429638962534,-5.4072771561037465,36.33036844928691,-78.11690649968003,-75.47540372348217,14.348197267162321,-78.11690649968003,-78.88995725558267,-114.44727494896694,0,0.0024277413918823362,30,1890.0,0.0,22940.0,1863639.4811112569,50,30,30,363,1890.0,0.0,0.6,2,1992,1,10001
233,0.233,233.0,0.001,1,0,True,0.7718429638962534,-4.384351796103746,36.33036844928691,-78.11690649968003,-75.47540372348217,14.348197267162321,-78.11690649968003,-78.88995725558267,-114.44727494896694,0,0.021027229563012555,30,1890.0,0.0,24940.0,1826366.6914890318,50,30,30,395,1890.0,0.0,0.6,2,1993,1,10001
234,0.234,234.0,0.001,1,0,True,0.7718429638962534,-3.0994564413037464,36.33036844928691,-78.11690649968003,-75.47540372348217,14.348197267162321,-78.11690649968003,-78.88995725558267,-114.44727494896694,0,0.10356564833730281,30,1890.0,0.0,26940.0,1789839.3576592512,50,30,30,427,1890.0,0.0,0.6,2,1994,1,10001
235,0.23500000000000001,235.00000000000003,0.001,1,0,True,0.7718429638962534,-2.1881084361037466,36.33036844928691,-78.11690649968003,-75.47540372348217,14.348197267162321,-78.11690649968003,-78.88995725558267,-114.44727494896694,0,0.9370693486880566,30,2370.0,2370.0,26570.0,1801442.570506066,50,30,30,337,2370.0,2370.0,0.6,2,1995,1,10001
236,0.23600000000000002,236.00000000000003,0.001,1,0,True,0.7718429638962534,-1.3077672497037467,36.33036844928691,-78.11690649968003,-75.47540372348217,14.348197267162321,-78.11690649968003,-78.88995725558267,-114.44727494896694,0,0.999930043365629,30,2370.0,2370.0,26200.0,1812813.7190959447,50,30,30,332,2370.0,2370.0,0.6,2,1996,1,10001
237,0.23700000000000002,237.00000000000003,0.001,1,0,True,0.7718429638962534,-1.0605504801037466,36.33036844928691,-78.11690649968003,-75.47540372348217,14.348197267162321,-78.11690649968003,-78.88995725558267,-114.44727494896694,0,0.9999935502328815,30,2370.0,2370.0,25830.0,1823957.4447140258,50,30,30,327,2370.0,2370.0,0.6,2,1997,1,10001
238,0.23800000000000002,238.00000000000003,0.001,1,0,True,0.7718429638962534,-1.581013221483746,36.33036844928691,-78.11690649968003,-75.47540372348217,14.348197267162321,-78.11690649968003,-78.88995725558267,-114.44727494896694,0,0.999002645764639,30,2370.0,2370.0,25460.0,1834878.2958197452,50,30,30,323,2370.0,2370.0,0.6,2,1998,1,10001
239,0.23900000000000002,239.00000000000003,0.001,1,0,True,0.7718429638962534,-1.9950964561037465,36.33036844928691,-78.11690649968003,-75.47540372348217,14.348197267162321,-78.11690649968003,-78.88995725558267,-114.44727494896694,0,0.7234862731368003,30,2370.0,2370.0,25090.0,1845580.7299033501,50,30,30,318,2370.0,2370.0,0.6,2,1999,1,10001
240,0.24,240.0,0.001,1,0,True,0.7718429638962534,-2.4607412921037466,36.33036844928691,-78.11690649968003,-75.47540372348217,14.348197267162321,-78.11690649968003,-78.88995725558267,-114.44727494896694,0,0.3770572045089677,30,1890.0,0.0,27090.0,1808669.115305283,50,30,30,429,1890.0,0.0,0.6,2,2000,1,10001
241,0.241,241.0,0.001,1,0,True,0.7718429638962534,-3.4507922441037464,36.33036844928691,-78.11690649968003,-75.47540372348217,14.348197267162321,-78.11690649968003,-78.88995725558267,-114.44727494896694,0,0.007097526893998217,30,1890.0,0.0,29090.0,1772495.7329991774,50,30,30,461,1890.0,0.0,0.6,2,2001,1,10001
242,0.242,242.0,0.001,1,0,True,0.7718429638962534,-6.626997872103747,36.33036844928691,-78.11690649968003,-75.47540372348217,14.348197267162321,-78.11690649968003,-78.88995725558267,-114.44727494896694,0,8.224261375300382e-08,30,1890.0,0.0,31090.0,1737045.818339194,50,30,30,492,1890.0,0.0,0.6,2,2002,1,10001
243,0.243,243.0,0.001,1,0,True,0.7718429638962534,-9.347598096103747,36.33036844928691,-78.11690649968003,-75.47540372348217,14.348197267162321,-78.11690649968003,-78.88995725558267,-114.44727494896694,0,1.1464837801364484e-13,30,1890.0,0.0,33090.0,1702304.90197241,50,30,30,524,1890.0,0.0,0.6,2,2003,1,10001
244,0.244,244.0,0.001,1,0,True,0.7718429638962534,-5.769317176103747,36.33036844928691,-78.11690649968003,-75.47540372348217,14.348197267162321,-78.11690649968003,-78.88995725558267,-114.44727494896694,0,2.987525730332872e-10,30,1890.0,0.0,35090.0,1668258.8039329618,50,30,30,556,1890.0,0.0,0.6,2,2004,1,10001
245,0.245,245.0,0.001,1,0,True,0.7718429638962534,-1.6351026701037463,36.33036844928691,-78.11690649968003,-75.47540372348217,14.348197267162321,-78.11690649968003,-78.88995725558267,-114.44727494896694,0,0.997443904078116,30,2370.0,2370.0,34720.0,1682293.6278543025,50,30,30,440,2370.0,2370.0,0.6,2,2005,1,10001
246,0.246,246.0,0.001,1,0,True,0.7718429638962534,0.5814113498962535,36.33036844928691,-78.11690649968003,-75.47540372348217,14.348197267162321,-78.11690649968003,-78.88995725558267,-114.44727494896694,3,0.9933387929819447,30,4740.0,4740.0,31980.0,1743447.7552972164,50,30,30,203,4740.0,4740.0,0.6,2,2006,1,10001
247,0.247,247.0,0.001,1,0,True,0.7718429638962534,1.3210623298962534,36.33036844928691,-78.11690649968003,-75.47540372348217,14.348197267162321,-78.11690649968003,-78.88995725558267,-114.44727494896694,3,0.9999933509980736,30,4740.0,4740.0,29240.0,1803378.800191272,50,30,30,186,4740.0,4740.0,0.6,2,2007,1,10001
248,0.248,248.0,0.001,1,0,True,0.7718429638962534,1.1207443838962532,36.33036844928691,-78.11690649968003,-75.47540372348217,14.348197267162321,-78.11690649968003,-78.88995725558267,-114.44727494896694,3,0.9999895234288773,30,4740.0,4740.0,26500.0,1862111.2241874465,50,30,30,168,4740.0,4740.0,0.6,2,2008,1,10001
249,0.249,249.0,0.001,1,0,True,0.7718429638962534,0.30864688389625344,36.33036844928691,-78.11690649968003,-75.47540372348217,14.348197267162321,-78.11690649968003,-78.88995725558267,-114.44727494896694,3,0.9954768264605525,30,4740.0,4740.0,23760.0,1919668.9997036976,50,30,30,151,4740.0,4740.0,0.6,2,2009,1,10001
250,0.25,250.0,0.001,1,0,True,0.7718429638962534,-1.4931572561037467,36.33036844928691,-78.11690649968003,-75.47540372348217,14.348197267162321,-78.11690649968003,-78.88995725558267,-114.44727494896694,0,0.9999996852358748,30,2370.0,2370.0,23390.0,1928675.6197096237,50,30,30,297,2370.0,2370.0,0.6,2,2010,1,10001
251,0.251,251.0,0.001,1,0,True,0.7718429638962534,-2.609108956103747,36.33036844928691,-78.11690649968003,-75.47540372348217,14.348197267162321,-78.11690649968003,-78.88995725558267,-114.44727494896694,0,0.999991315645553,30,1890.0,1890.0,23500.0,1927902.1073154313,50,30,30,372,1890.0,1890.0,0.6,2,2011,1,10001
252,0.252,252.0,0.001,1,0,True,0.7718429638962534,-1.5612109541037467,36.33036844928691,-78.11690649968003,-75.47540372348217,14.348197267162321,-78.11690649968003,-78.88995725558267,-114.44727494896694,0,0.9999999941272764,30,2370.0,2370.0,23130.0,1936744.0651691228,50,30,30,293,2370.0,2370.0,0.6,2,2012,1,10001
253,0.253,253.0,0.001,1,0,True,0.7718429638962534,-0.9002489161037466,36.33036844928691,-78.11690649968003,-75.47540372348217,14.348197267162321,-78.11690649968003,-78.88995725558267,-114.44727494896694,1,0.9999921107749469,30,3150.0,3150.0,21980.0,1961009.1838657402,50,30,30,209,3150.0,3150.0,0.6,2,2013,1,10001
254,0.254,254.0,0.001,1,0,True,0.7718429638962534,-0.5886184561037466,36.33036844928691,-78.11690649968003,-75.47540372348217,14.348197267162321,-78.11690649968003,-78.88995725558267,-114.44727494896694,1,0.9998736591707812,30,3150.0,3150.0,20830.0,1984789.0001884254,50,30,30,198,3150.0,3150.0,0.6,2,2014,1,10001
255,0.255,255.0,0.001,1,0,True,0.7718429638962534,-2.0634352221037466,36.33036844928691,-78.11690649968003,-75.47540372348217,14.348197267162321,-78.11690649968003,-78.88995725558267,-114.44727494896694,0,0.9999455328306666,30,2370.0,2370.0,20460.0,1992493.2201846568,50,30,30,259,2370.0,2370.0,0.6,2,2015,1,10001
256,0.256,256.0,0.001,1,0,True,0.7718429638962534,-4.894941496103746,36.33036844928691,-78.11690649968003,-75.47540372348217,14.348197267162321,-78.11690649968003,-78.88995725558267,-114.44727494896694,0,0.0010820873579219358,30,1890.0,0.0,22460.0,1952643.3557809636,50,30,30,356,1890.0,0.0,0.6,2,2016,1,10001
257,0.257,257.0,0.001,1,0,True,0.7718429638962534,-3.7772085761037464,36.33036844928691,-78.11690649968003,-75.47540372348217,14.348197267162321,-78.11690649968003,-78.88995725558267,-114.44727494896694,0,8.197200275076043e-05,30,1890.0,0.0,24460.0,1913590.4886653442,50,30,30,388,1890.0,0.0,0.6,2,2017,1,10001
258,0.258,258.0,0.001,1,0,True,0.7718429638962534,-1.4641239959037466,36.33036844928691,-78.11690649968003,-75.47540372348217,14.348197267162321,-78.11690649968003,-78.88995725558267,-114.44727494896694,0,0.9998862766547625,30,2370.0,2370.0,24090.0,1922718.6788920374,50,30,30,305,2370.0,2370.0,0.6,2,2018,1,10001
259,0.259,259.0,0.001,1,0,True,0.7718429638962534,-0.07231323610374661,36.33036844928691,-78.11690649968003,-75.47540372348217,14.348197267162321,-78.11690649968003,-78.88995725558267,-114.44727494896694,2,0.9991626089712901,30,3780.0,3780.0,22310.0,1959864.3053141965,50,30,30,177,3780.0,3780.0,0.6,2,2019,1,10001
260,0.26,260.0,0.001,1,0,True,0.7718429638962534,-0.44950999610374653,36.33036844928691,-78.11690649968003,-75.47540372348217,14.348197267162321,-78.11690649968003,-78.88995725558267,-114.44727494896694,1,0.999999334920165,30,3150.0,3150.0,21160.0,1983667.0192079125,50,30,30,201,3150.0,3150.0,0.6,2,2020,1,10001
261,0.261,261.0,0.001,1,0,True,0.7718429638962534,-1.0084433741037466,36.33036844928691,-78.11690649968003,-75.47540372348217,14.348197267162321,-78.11690649968003,-78.88995725558267,-114.44727494896694,0,0.9999999997976627,30,2370.0,2370.0,20790.0,1991393.6788237542,50,30,30,264,2370.0,2370.0,0.6,2,2021,1,10001
262,0.262,262.0,0.001,1,0,True,0.7718429638962534,-1.5056118781037466,36.33036844928691,-78.11690649968003,-75.47540372348217,14.348197267162321,-78.11690649968003,-78.88995725558267,-114.44727494896694,0,0.9999965880093832,30,2370.0,2370.0,20420.0,1998965.8052472791,50,30,30,259,2370.0,2370.0,0.6,2,2022,1,10001
263,0.263,263.0,0.001,1,0,True,0.7718429638962534,-1.5225572461037467,36.33036844928691,-78.11690649968003,-75.47540372348217,14.348197267162321,-78.11690649968003,-78.88995725558267,-114.44727494896694,0,0.9957530170013686,30,2370.0,2370.0,20050.0,2006386.4891423334,50,30,30,254,2370.0,2370.0,0.6,2,2023,1,10001
264,0.264,264.0,0.001,1,0,True,0.7718429638962534,-0.9501761381037466,36.33036844928691,-78.11690649968003,-75.47540372348217,14.348197267162321,-78.11690649968003,-78.88995725558267,-114.44727494896694,0,0.9998792356347476,30,2370.0,2370.0,19680.0,2013658.7593594866,50,30,30,250,2370.0,2370.0,0.6,2,2024,1,10001
265,0.265,265.0,0.001,1,0,True,0.7718429638962534,-0.6675303301037467,36.33036844928691,-78.11690649968003,-75.47540372348217,14.348197267162321,-78.11690649968003,-78.88995725558267,-114.44727494896694,1,0.9988329693640495,30,3150.0,3150.0,18530.0,2036385.5841722968,50,30,30,176,3150.0,3150.0,0.6,2,2025,1,10001
266,0.266,266.0,0.001,1,0,True,0.7718429638962534,1.1611506038962534,36.33036844928691,-78.11690649968003,-75.47540372348217,14.348197267162321,-78.11690649968003,-78.88995725558267,-114.44727494896694,3,0.99999901208313,30,4740.0,4740.0,15790.0,2090457.8724888507,50,30,30,100,4740.0,4740.0,0.6,2,2026,1,10001
267,0.267,267.0,0.001,1,0,True,0.7718429638962534,2.249582823896253,36.33036844928691,-78.11690649968003,-75.47540372348217,14.348197267162321,-78.11690649968003,-78.88995725558267,-114.44727494896694,4,0.9999914410336519,30,5670.0,5670.0,12120.0,2162048.7150390735,50,30,30,64,5670.0,5670.0,0.6,2,2027,1,10001
268,0.268,268.0,0.001,1,0,True,0.7718429638962534,2.3092543638962537,36.33036844928691,-78.11690649968003,-75.47540372348217,14.348197267162321,-78.11690649968003,-78.88995725558267,-114.44727494896694,4,0.9999873770685516,30,5670.0,5670.0,8450.0,2232207.7407382918,50,30,30,45,5670.0,5670.0,0.6,2,2028,1,10001
269,0.269,269.0,0.001,1,0,True,0.7718429638962534,1.4728255062962539,36.33036844928691,-78.11690649968003,-75.47540372348217,14.348197267162321,-78.11690649968003,-78.88995725558267,-114.44727494896694,3,0.9999996871138475,30,4740.0,4740.0,5710.0,2282363.585923526,50,30,30,37,4740.0,4740.0,0.6,2,2029,1,10001
270,0.27,270.0,0.001,1,0,True,0.7718429638962534,0.7434079838962535,36.33036844928691,-78.11690649968003,-75.47540372348217,14.348197267162321,-78.11690649968003,-78.88995725558267,-114.44727494896694,3,0.8959990081624811,30,4740.0,4740.0,2970.0,2331516.3142050556,50,30,30,19,4740.0,4740.0,0.6,2,2030,1,10001
271,0.271,271.0,0.001,1,0,True,0.7718429638962534,-1.1186599021037467,36.33036844928691,-78.11690649968003,-75.47540372348217,14.348197267162321,-78.11690649968003,-78.88995725558267,-114.44727494896694,0,0.9999908921646334,30,2370.0,2370.0,2600.0,2332285.9879209544,50,30,30,33,2370.0,2370.0,0.6,2,2031,1,10001
272,0.272,272.0,0.001,1,0,True,0.7718429638962534,-0.9950588561037467,36.33036844928691,-78.11690649968003,-75.47540372348217,14.348197267162321,-78.11690649968003,-78.88995725558267,-114.44727494896694,0,0.997126573158888,30,2370.0,2370.0,2230.0,2333040.268162535,50,30,30,29,2370.0,2370.0,0.6,2,2032,1,10001
273,0.273,273.0,0.001,1,0,True,0.7718429638962534,-1.5332114041037466,36.33036844928691,-78.11690649968003,-75.47540372348217,14.348197267162321,-78.11690649968003,-78.88995725558267,-114.44727494896694,0,0.7569927420244393,30,2370.0,2370.0,1860.0,2333779.462799284,50,30,30,24,2370.0,2370.0,0.6,2,2033,1,10001
274,0.274,274.0,0.001,1,0,True,0.7718429638962534,-3.962361528103747,36.33036844928691,-78.11690649968003,-75.47540372348217,14.348197267162321,-78.11690649968003,-78.88995725558267,-114.44727494896694,0,2.5042687713584696e-05,30,1890.0,0.0,3860.0,2287103.8735432983,50,30,30,62,1890.0,0.0,0.6,2,2034,1,10001
275,0.275,275.0,0.001,1,0,True,0.7718429638962534,-7.768015236103747,36.33036844928691,-78.11690649968003,-75.47540372348217,14.348197267162321,-78.11690649968003,-78.88995725558267,-114.44727494896694,0,3.58669560995646e-13,30,1890.0,0.0,5860.0,2241361.7960724323,50,30,30,93,1890.0,0.0,0.6,2,2035,1,10001
276,0.276,276.0,0.001,1,0,True,0.7718429638962534,-7.277279256103748,36.33036844928691,-78.11690649968003,-75.47540372348217,14.348197267162321,-78.11690649968003,-78.88995725558267,-114.44727494896694,0,7.11921708451648e-11,30,1890.0,0.0,7860.0,2196534.5601509837,50,30,30,125,1890.0,0.0,0.6,2,2036,1,10001
277,0.277,277.0,0.001,1,0,True,0.7718429638962534,-4.901351000103747,36.33036844928691,-78.11690649968003,-75.47540372348217,14.348197267162321,-78.11690649968003,-78.88995725558267,-114.44727494896694,0,0.0026563361540698667,30,1890.0,0.0,9860.0,2152603.868947964,50,30,30,157,1890.0,0.0,0.6,2,2037,1,10001
278,0.278,278.0,0.001,1,0,True,0.7718429638962534,-3.8015183641037464,36.33036844928691,-78.11690649968003,-75.47540372348217,14.348197267162321,-78.11690649968003,-78.88995725558267,-114.44727494896694,0,0.799293543180675,30,1890.0,0.0,11860.0,2109551.7915690048,50,30,30,188,1890.0,0.0,0.6,2,2038,1,10001
279,0.279,279.0,0.001,1,0,True,0.7718429638962534,-4.521938356103747,36.33036844928691,-78.11690649968003,-75.47540372348217,14.348197267162321,-78.11690649968003,-78.88995725558267,-114.44727494896694,0,0.9778871916326389,30,1890.0,1890.0,11970.0,2105160.7557376246,50,30,30,190,1890.0,1890.0,0.6,2,2039,1,10001
280,0.28,280.0,0.001,1,0,True,0.7718429638962534,-3.6061753361037465,36.33036844928691,-78.11690649968003,-75.47540372348217,14.348197267162321,-78.11690649968003,-78.88995725558267,-114.44727494896694,0,0.9999934187419061,30,1890.0,1890.0,12080.0,2100857.5406228723,50,30,30,192,1890.0,1890.0,0.6,2,2040,1,10001
281,0.281,281.0,0.001,1,0,True,0.7718429638962534,-0.8227856481037468,36.33036844928691,-78.11690649968003,-75.47540372348217,14.348197267162321,-78.11690649968003,-78.88995725558267,-114.44727494896694,1,0.999994296418912,30,3150.0,3150.0,10930.0,2121840.389810415,50,30,30,104,3150.0,3150.0,0.6,2,2041,1,10001
282,0.28200000000000003,282.0,0.001,1,0,True,0.7718429638962534,1.1464268958962536,36.33036844928691,-78.11690649968003,-75.47540372348217,14.348197267162321,-78.11690649968003,-78.88995725558267,-114.44727494896694,3,0.9998362895992536,30,4740.0,4740.0,8190.0,2174203.582014207,50,30,30,52,4740.0,4740.0,0.6,2,2042,1,10001
283,0.28300000000000003,283.00000000000006,0.001,1,0,True,0.7718429638962534,2.150559943896253,36.33036844928691,-78.11690649968003,-75.47540372348217,14.348197267162321,-78.11690649968003,-78.88995725558267,-114.44727494896694,4,0.0746331253516336,30,5670.0,0.0,10190.0,2130719.5103739225,50,30,30,54,5670.0,0.0,0.6,2,2043,1,10001
284,0.28400000000000003,284.00000000000006,0.001,1,0,True,0.7718429638962534,1.5968616458962535,36.33036844928691,-78.11690649968003,-75.47540372348217,14.348197267162321,-78.11690649968003,-78.88995725558267,-114.44727494896694,3,0.9787403769557105,30,4740.0,4740.0,7450.0,2182905.120166444,50,30,30,48,4740.0,4740.0,0.6,2,2044,1,10001
285,0.28500000000000003,285.00000000000006,0.001,1,0,True,0.7718429638962534,-0.7291629121037466,36.33036844928691,-78.11690649968003,-75.47540372348217,14.348197267162321,-78.11690649968003,-78.88995725558267,-114.44727494896694,1,0.038666090074524456,30,3150.0,3150.0,6300.0,2202247.0177631155,50,30,30,60,3150.0,3150.0,0.6,2,2045,1,10001
286,0.28600000000000003,286.00000000000006,0.001,1,0,True,0.7718429638962534,-4.350016842103747,36.33036844928691,-78.11690649968003,-75.47540372348217,14.348197267162321,-78.11690649968003,-78.88995725558267,-114.44727494896694,0,0.0009354798731966108,30,1890.0,0.0,8300.0,2158202.077407853,50,30,30,132,1890.0,0.0,0.6,2,2046,1,10001
287,0.28700000000000003,287.00000000000006,0.001,1,0,True,0.7718429638962534,-3.1382687561037472,36.33036844928691,-78.11690649968003,-75.47540372348217,14.348197267162321,-78.11690649968003,-78.88995725558267,-114.44727494896694,0,0.563992570054473,30,1890.0,0.0,10300.0,2115038.035859696,50,30,30,163,1890.0,0.0,0.6,2,2047,1,10001
288,0.28800000000000003,288.00000000000006,0.001,1,0,True,0.7718429638962534,-1.2014545161037464,36.33036844928691,-78.11690649968003,-75.47540372348217,14.348197267162321,-78.11690649968003,-78.88995725558267,-114.44727494896694,0,0.9999967377022712,30,2370.0,2370.0,9930.0,2120137.275142502,50,30,30,126,2370.0,2370.0,0.6,2,2048,1,10001
289,0.289,289.0,0.001,1,0,True,0.7718429638962534,-1.4513233801037464,36.33036844928691,-78.11690649968003,-75.47540372348217,14.348197267162321,-78.11690649968003,-78.88995725558267,-114.44727494896694,0,0.9999999520344739,30,2370.0,2370.0,9560.0,2125134.529639652,50,30,30,122,2370.0,2370.0,0.6,2,2049,1,10001
290,0.29,290.0,0.001,1,0,True,0.7718429638962534,-3.5302117361037473,36.33036844928691,-78.11690649968003,-75.47540372348217,14.348197267162321,-78.11690649968003,-78.88995725558267,-114.44727494896694,0,0.9999660691652419,30,1890.0,1890.0,9670.0,2120431.839046859,50,30,30,154,1890.0,1890.0,0.6,2,2050,1,10001
291,0.291,291.0,0.001,1,0,True,0.7718429638962534,-3.910314534103747,36.33036844928691,-78.11690649968003,-75.47540372348217,14.348197267162321,-78.11690649968003,-78.88995725558267,-114.44727494896694,0,0.3260050881026011,30,1890.0,1890.0,9780.0,2115823.202265922,50,30,30,155,1890.0,1890.0,0.6,2,2051,1,10001
292,0.292,292.0,0.001,1,0,True,0.7718429638962534,-3.2306039161037465,36.33036844928691,-78.11690649968003,-75.47540372348217,14.348197267162321,-78.11690649968003,-78.88995725558267,-114.44727494896694,0,0.028527426712085434,30,1890.0,0.0,11780.0,2073506.7382206034,50,30,30,187,1890.0,0.0,0.6,2,2052,1,10001
293,0.293,293.0,0.001,1,0,True,0.7718429638962534,-1.7748442661037467,36.33036844928691,-78.11690649968003,-75.47540372348217,14.348197267162321,-78.11690649968003,-78.88995725558267,-114.44727494896694,0,0.9917931864288868,30,2370.0,2370.0,11410.0,2079436.6034561913,50,30,30,145,2370.0,2370.0,0.6,2,2053,1,10001
294,0.294,294.0,0.001,1,0,True,0.7718429638962534,0.46728252989625346,36.33036844928691,-78.11690649968003,-75.47540372348217,14.348197267162321,-78.11690649968003,-78.88995725558267,-114.44727494896694,3,0.022282657546708898,30,4740.0,0.0,13410.0,2037847.8713870675,50,30,30,85,4740.0,0.0,0.6,2,2054,1,10001
295,0.295,295.0,0.001,1,0,True,0.7718429638962534,1.741000669896253,36.33036844928691,-78.11690649968003,-75.47540372348217,14.348197267162321,-78.11690649968003,-78.88995725558267,-114.44727494896694,4,0.09988911193142072,30,5670.0,0.0,15410.0,1997090.913959326,50,30,30,82,5670.0,0.0,0.6,2,2055,1,10001
296,0.296,296.0,0.001,1,0,True,0.7718429638962534,1.4095649018962535,36.33036844928691,-78.11690649968003,-75.47540372348217,14.348197267162321,-78.11690649968003,-78.88995725558267,-114.44727494896694,3,0.9999961079380207,30,4740.0,4740.0,12670.0,2051949.0956801395,50,30,30,81,4740.0,4740.0,0.6,2,2056,1,10001
297,0.297,297.0,0.001,1,0,True,0.7718429638962534,0.4252443546962533,36.33036844928691,-78.11690649968003,-75.47540372348217,14.348197267162321,-78.11690649968003,-78.88995725558267,-114.44727494896694,3,0.999381419589223,30,4740.0,4740.0,9930.0,2105710.1137665366,50,30,30,63,4740.0,4740.0,0.6,2,2057,1,10001
298,0.298,298.0,0.001,1,0,True,0.7718429638962534,0.07426304389625334,36.33036844928691,-78.11690649968003,-75.47540372348217,14.348197267162321,-78.11690649968003,-78.88995725558267,-114.44727494896694,2,0.9991300053943895,30,3780.0,3780.0,8150.0,2139195.911491206,50,30,30,65,3780.0,3780.0,0.6,2,2058,1,10001
299,0.299,299.0,0.001,1,0,True,0.7718429638962534,-0.8059027161037465,36.33036844928691,-78.11690649968003,-75.47540372348217,14.348197267162321,-78.11690649968003,-78.88995725558267,-114.44727494896694,1,0.9996780420816811,30,3150.0,3150.0,7000.0,2159411.993261382,50,30,30,67,3150.0,3150.0,0.6,2,2059,1,10001
300,0.3,300.0,0.001,1,0,True,0.7718429638962534,-2.3546155901037467,36.33036844928691,-78.11690649968003,-75.47540372348217,14.348197267162321,-78.11690649968003,-78.88995725558267,-114.44727494896694,0,0.9999968729987649,30,1890.0,1890.0,7110.0,2154023.7533961544,50,30,30,113,1890.0,1890.0,0.6,2,2060,1,10001
