ue_id,serving_gnb,connected,x,y,vx,vy,queue,throughput,delay_steps,new_bits,served_bits,scheduled_bits,dropped_bits,total_bits_arrived,total_bits_dropped,traffic_packet_size_bits,offered_bit_rate,allocated_prbs,rx_probability,mcs,spectral_efficiency,scheduled_sinr_db,scheduler_mode,snr_db,sinr_db,rx_power_dbm,noise_dbm,interference_dbm,target_gnb,ho_pending,ho_candidate,ho_counter,environment_loss_db,step
0,0,True,35.0,0.0,0.0,0.0,0.0,0.0,0.0,0.0,0.0,0.0,0.0,0.0,0.0,600.0,300000.0,0,0.0,25,5.4,45.32353979999999,mcs_pf_csv_fading,40.0,40.0,-48.21771944129625,-114.44727494896694,-100.0,,False,,0,0.0,0
1,0,True,80.0,40.0,0.0,0.0,0.0,12000.0,0.0,600.0,600.0,600.0,0.0,600.0,0.0,600.0,600000.0,2,1.0,25,5.4,35.79402028,mcs_pf_csv_fading,40.0,40.0,-63.53885272917442,-114.44727494896694,-100.0,,False,,0,0.0,0
0,0,True,35.0,0.0,0.0,0.0,0.0,12000.0,0.0,600.0,600.0,600.0,0.0,600.0,0.0,600.0,300000.0,2,1.0,25,5.4,45.367815799999995,mcs_pf_csv_fading,40.0,40.0,-48.21771944129625,-114.44727494896694,-100.0,,False,,0,0.0,1
1,0,True,80.0,40.0,0.0,0.0,0.0,23760.0,0.0,600.0,600.0,600.0,0.0,1200.0,0.0,600.0,600000.0,2,1.0,25,5.4,35.779631439999996,mcs_pf_csv_fading,40.0,40.0,-63.53885272917442,-114.44727494896694,-100.0,,False,,0,0.0,1
0,0,True,35.0,0.0,0.0,0.0,0.0,11760.0,0.0,0.0,0.0,0.0,0.0,600.0,0.0,600.0,300000.0,0,0.0,25,5.4,45.403795,mcs_pf_csv_fading,40.0,40.0,-48.21771944129625,-114.44727494896694,-100.0,,False,,0,0.0,2
1,0,True,80.0,40.0,0.0,0.0,0.0,35284.8,0.0,600.0,600.0,600.0,0.0,1800.0,0.0,600.0,600000.0,2,1.0,25,5.4,35.76233954,mcs_pf_csv_fading,40.0,40.0,-63.53885272917442,-114.44727494896694,-100.0,,False,,0,0.0,2
0,0,True,35.0,0.0,0.0,0.0,0.0,23524.8,0.0,600.0,600.0,600.0,0.0,1200.0,0.0,600.0,300000.0,2,1.0,25,5.4,45.437269400000005,mcs_pf_csv_fading,40.0,40.0,-48.21771944129625,-114.44727494896694,-100.0,,False,,0,0.0,3
1,0,True,80.0,40.0,0.0,0.0,0.0,46579.104,0.0,600.0,600.0,600.0,0.0,2400.0,0.0,600.0,600000.0,2,1.0,25,5.4,35.737007760000004,mcs_pf_csv_fading,40.0,40.0,-63.53885272917442,-114.44727494896694,-100.0,,False,,0,0.0,3
0,0,True,35.0,0.0,0.0,0.0,0.0,23054.304,0.0,0.0,0.0,0.0,0.0,1200.0,0.0,600.0,300000.0,0,0.0,25,5.4,45.461023399999995,mcs_pf_csv_fading,40.0,40.0,-48.21771944129625,-114.44727494896694,-100.0,,False,,0,0.0,4
1,0,True,80.0,40.0,0.0,0.0,0.0,57647.52192,0.0,600.0,600.0,600.0,0.0,3000.0,0.0,600.0,600000.0,2,1.0,25,5.4,35.708434860000004,mcs_pf_csv_fading,40.0,40.0,-63.53885272917442,-114.44727494896694,-100.0,,False,,0,0.0,4
0,0,True,35.0,0.0,0.0,0.0,0.0,34593.217919999996,0.0,600.0,600.0,600.0,0.0,1800.0,0.0,600.0,300000.0,2,1.0,25,5.4,45.483463,mcs_pf_csv_fading,40.0,40.0,-48.21771944129625,-114.44727494896694,-100.0,,False,,0,0.0,5
1,0,True,80.0,40.0,0.0,0.0,0.0,68494.5714816,0.0,600.0,600.0,600.0,0.0,3600.0,0.0,600.0,600000.0,2,1.0,25,5.4,35.67166714,mcs_pf_csv_fading,40.0,40.0,-63.53885272917442,-114.44727494896694,-100.0,,False,,0,0.0,5
0,0,True,35.0,0.0,0.0,0.0,0.0,33901.35356159999,0.0,0.0,0.0,0.0,0.0,1800.0,0.0,600.0,300000.0,0,0.0,25,5.4,45.4954104,mcs_pf_csv_fading,40.0,40.0,-48.21771944129625,-114.44727494896694,-100.0,,False,,0,0.0,6
1,0,True,80.0,40.0,0.0,0.0,0.0,79124.680051968,0.0,600.0,600.0,600.0,0.0,4200.0,0.0,600.0,600000.0,2,1.0,25,5.4,35.633479820000005,mcs_pf_csv_fading,40.0,40.0,-63.53885272917442,-114.44727494896694,-100.0,,False,,0,0.0,6
0,0,True,35.0,0.0,0.0,0.0,0.0,45223.326490367996,0.0,600.0,600.0,600.0,0.0,2400.0,0.0,600.0,300000.0,2,1.0,25,5.4,45.5057306,mcs_pf_csv_fading,40.0,40.0,-48.21771944129625,-114.44727494896694,-100.0,,False,,0,0.0,7
1,0,True,80.0,40.0,0.0,0.0,0.0,89542.18645092864,0.0,600.0,600.0,600.0,0.0,4800.0,0.0,600.0,600000.0,2,1.0,25,5.4,35.58842396000001,mcs_pf_csv_fading,40.0,40.0,-63.53885272917442,-114.44727494896694,-100.0,,False,,0,0.0,7
0,0,True,35.0,0.0,0.0,0.0,0.0,44318.859960560636,0.0,0.0,0.0,0.0,0.0,2400.0,0.0,600.0,300000.0,0,0.0,25,5.4,45.507070000000006,mcs_pf_csv_fading,40.0,40.0,-48.21771944129625,-114.44727494896694,-100.0,,False,,0,0.0,8
1,0,True,80.0,40.0,0.0,0.0,0.0,99751.34272191007,0.0,600.0,600.0,600.0,0.0,5400.0,0.0,600.0,600000.0,2,1.0,25,5.4,35.543033099999995,mcs_pf_csv_fading,40.0,40.0,-63.53885272917442,-114.44727494896694,-100.0,,False,,0,0.0,8
0,0,True,35.0,0.0,0.0,0.0,0.0,55432.48276134942,0.0,600.0,600.0,600.0,0.0,3000.0,0.0,600.0,300000.0,2,1.0,25,5.4,45.5053072,mcs_pf_csv_fading,40.0,40.0,-48.21771944129625,-114.44727494896694,-100.0,,False,,0,0.0,9
1,0,True,80.0,40.0,0.0,0.0,0.0,109756.31586747187,0.0,600.0,600.0,600.0,0.0,6000.0,0.0,600.0,600000.0,2,1.0,25,5.4,35.493787184,mcs_pf_csv_fading,40.0,40.0,-63.53885272917442,-114.44727494896694,-100.0,,False,,0,0.0,9
0,0,True,35.0,0.0,0.0,0.0,0.0,54323.83310612243,0.0,0.0,0.0,0.0,0.0,3000.0,0.0,600.0,300000.0,0,0.0,25,5.4,45.4960448,mcs_pf_csv_fading,40.0,40.0,-48.21771944129625,-114.44727494896694,-100.0,,False,,0,0.0,10
1,0,True,80.0,40.0,0.0,0.0,0.0,119561.18955012244,0.0,600.0,600.0,600.0,0.0,6600.0,0.0,600.0,600000.0,2,1.0,25,5.4,35.444457186,mcs_pf_csv_fading,40.0,40.0,-63.53885272917442,-114.44727494896694,-100.0,,False,,0,0.0,10
0,0,True,35.0,0.0,0.0,0.0,0.0,65237.35644399998,0.0,600.0,600.0,600.0,0.0,3600.0,0.0,600.0,300000.0,2,1.0,25,5.4,45.48236599999999,mcs_pf_csv_fading,40.0,40.0,-48.21771944129625,-114.44727494896694,-100.0,,False,,0,0.0,11
1,0,True,80.0,40.0,0.0,0.0,0.0,129169.96575911998,0.0,600.0,600.0,600.0,0.0,7200.0,0.0,600.0,600000.0,2,1.0,25,5.4,35.393119408000004,mcs_pf_csv_fading,40.0,40.0,-63.53885272917442,-114.44727494896694,-100.0,,False,,0,0.0,11
0,0,True,35.0,0.0,0.0,0.0,0.0,63932.60931511998,0.0,0.0,0.0,0.0,0.0,3600.0,0.0,600.0,300000.0,0,0.0,25,5.4,45.4628562,mcs_pf_csv_fading,40.0,40.0,-48.21771944129625,-114.44727494896694,-100.0,,False,,0,0.0,12
1,0,True,80.0,40.0,0.0,0.0,0.0,138586.5664439376,0.0,600.0,600.0,600.0,0.0,7800.0,0.0,600.0,600000.0,2,1.0,25,5.4,35.34177948,mcs_pf_csv_fading,40.0,40.0,-63.53885272917442,-114.44727494896694,-100.0,,False,,0,0.0,12
0,0,True,35.0,0.0,0.0,0.0,0.0,74653.95712881758,0.0,600.0,600.0,600.0,0.0,4200.0,0.0,600.0,300000.0,2,1.0,25,5.4,45.4372656,mcs_pf_csv_fading,40.0,40.0,-48.21771944129625,-114.44727494896694,-100.0,,False,,0,0.0,13
1,0,True,80.0,40.0,0.0,0.0,0.0,147814.83511505884,0.0,600.0,600.0,600.0,0.0,8400.0,0.0,600.0,600000.0,2,1.0,25,5.4,35.28997538,mcs_pf_csv_fading,40.0,40.0,-63.53885272917442,-114.44727494896694,-100.0,,False,,0,0.0,13
0,0,True,35.0,0.0,0.0,0.0,0.0,73160.87798624122,0.0,0.0,0.0,0.0,0.0,4200.0,0.0,600.0,300000.0,0,0.0,25,5.4,45.4070276,mcs_pf_csv_fading,40.0,40.0,-48.21771944129625,-114.44727494896694,-100.0,,False,,0,0.0,14
1,0,True,80.0,40.0,0.0,0.0,0.0,156858.53841275765,0.0,600.0,600.0,600.0,0.0,9000.0,0.0,600.0,600000.0,2,1.0,25,5.4,35.237639200000004,mcs_pf_csv_fading,40.0,40.0,-63.53885272917442,-114.44727494896694,-100.0,,False,,0,0.0,14
0,0,True,35.0,0.0,0.0,0.0,0.0,83697.66042651639,0.0,600.0,600.0,600.0,0.0,4800.0,0.0,600.0,300000.0,2,1.0,25,5.4,45.369197400000004,mcs_pf_csv_fading,40.0,40.0,-48.21771944129625,-114.44727494896694,-100.0,,False,,0,0.0,15
1,0,True,80.0,40.0,0.0,0.0,0.0,165721.3676445025,0.0,600.0,600.0,600.0,0.0,9600.0,0.0,600.0,600000.0,2,1.0,25,5.4,35.185636980000005,mcs_pf_csv_fading,40.0,40.0,-63.53885272917442,-114.44727494896694,-100.0,,False,,0,0.0,15
0,0,True,35.0,0.0,0.0,0.0,0.0,82023.70721798606,0.0,0.0,0.0,0.0,0.0,4800.0,0.0,600.0,300000.0,0,0.0,25,5.4,45.328086000000006,mcs_pf_csv_fading,40.0,40.0,-48.21771944129625,-114.44727494896694,-100.0,,False,,0,0.0,16
1,0,True,80.0,40.0,0.0,0.0,0.0,174406.94029161244,0.0,600.0,600.0,600.0,0.0,10200.0,0.0,600.0,600000.0,2,1.0,25,5.4,35.132059798,mcs_pf_csv_fading,40.0,40.0,-63.53885272917442,-114.44727494896694,-100.0,,False,,0,0.0,16
0,0,True,35.0,0.0,0.0,0.0,0.0,92383.23307362634,0.0,600.0,600.0,600.0,0.0,5400.0,0.0,600.0,300000.0,2,1.0,25,5.4,45.27786828,mcs_pf_csv_fading,40.0,40.0,-48.21771944129625,-114.44727494896694,-100.0,,False,,0,0.0,17
1,0,True,80.0,40.0,0.0,0.0,0.0,182918.8014857802,0.0,600.0,600.0,600.0,0.0,10800.0,0.0,600.0,600000.0,2,1.0,25,5.4,35.079257258,mcs_pf_csv_fading,40.0,40.0,-63.53885272917442,-114.44727494896694,-100.0,,False,,0,0.0,17
0,0,True,35.0,0.0,0.0,0.0,0.0,90535.5684121538,0.0,0.0,0.0,0.0,0.0,5400.0,0.0,600.0,300000.0,0,0.0,25,5.4,45.225692880000004,mcs_pf_csv_fading,40.0,40.0,-48.21771944129625,-114.44727494896694,-100.0,,False,,0,0.0,18
1,0,True,80.0,40.0,0.0,0.0,0.0,191260.42545606458,0.0,600.0,600.0,600.0,0.0,11400.0,0.0,600.0,600000.0,2,1.0,25,5.4,35.0236488424,mcs_pf_csv_fading,40.0,40.0,-63.53885272917442,-114.44727494896694,-100.0,,False,,0,0.0,18
0,0,True,35.0,0.0,0.0,0.0,0.0,100724.85704391073,0.0,600.0,600.0,600.0,0.0,6000.0,0.0,600.0,300000.0,2,1.0,25,5.4,45.16289978,mcs_pf_csv_fading,40.0,40.0,-48.21771944129625,-114.44727494896694,-100.0,,False,,0,0.0,19
1,0,True,80.0,40.0,0.0,0.0,0.0,199435.21694694328,0.0,600.0,600.0,600.0,0.0,12000.0,0.0,600.0,600000.0,2,1.0,25,5.4,34.969183447999995,mcs_pf_csv_fading,40.0,40.0,-63.53885272917442,-114.44727494896694,-100.0,,False,,0,0.0,19
0,0,True,35.0,0.0,0.0,0.0,0.0,98710.35990303251,0.0,0.0,0.0,0.0,0.0,6000.0,0.0,600.0,300000.0,0,0.0,25,5.4,45.098295639999996,mcs_pf_csv_fading,40.0,40.0,-48.21771944129625,-114.44727494896694,-100.0,,False,,0,0.0,20
1,0,True,80.0,40.0,0.0,0.0,0.0,207446.5126080044,0.0,600.0,600.0,600.0,0.0,12600.0,0.0,600.0,600000.0,2,1.0,25,5.4,34.910657140000005,mcs_pf_csv_fading,40.0,40.0,-63.53885272917442,-114.44727494896694,-100.0,,False,,0,0.0,20
0,0,True,35.0,0.0,0.0,0.0,0.0,108736.15270497186,0.0,600.0,600.0,600.0,0.0,6600.0,0.0,600.0,300000.0,2,1.0,25,5.4,45.02383074,mcs_pf_csv_fading,40.0,40.0,-48.21771944129625,-114.44727494896694,-100.0,,False,,0,0.0,21
1,0,True,80.0,40.0,0.0,0.0,0.0,215297.58235584432,0.0,600.0,600.0,600.0,0.0,13200.0,0.0,600.0,600000.0,2,1.0,25,5.4,34.852883864,mcs_pf_csv_fading,40.0,40.0,-63.53885272917442,-114.44727494896694,-100.0,,False,,0,0.0,21
0,0,True,35.0,0.0,0.0,0.0,0.0,106561.42965087242,0.0,0.0,0.0,0.0,0.0,6600.0,0.0,600.0,300000.0,0,0.0,25,5.4,44.946260639,mcs_pf_csv_fading,40.0,40.0,-48.21771944129625,-114.44727494896694,-100.0,,False,,0,0.0,22
1,0,True,80.0,40.0,0.0,0.0,0.0,222991.63070872743,0.0,600.0,600.0,600.0,0.0,13800.0,0.0,600.0,600000.0,2,1.0,25,5.4,34.79115452599999,mcs_pf_csv_fading,40.0,40.0,-63.53885272917442,-114.44727494896694,-100.0,,False,,0,0.0,22
0,0,True,35.0,0.0,0.0,0.0,0.0,116430.20105785497,0.0,600.0,600.0,600.0,0.0,7200.0,0.0,600.0,300000.0,2,1.0,25,5.4,44.860111960000005,mcs_pf_csv_fading,40.0,40.0,-48.21771944129625,-114.44727494896694,-100.0,,False,,0,0.0,23
1,0,True,80.0,40.0,0.0,0.0,0.0,230531.79809455288,0.0,600.0,600.0,600.0,0.0,14400.0,0.0,600.0,600000.0,2,1.0,25,5.4,34.728907879999994,mcs_pf_csv_fading,40.0,40.0,-63.53885272917442,-114.44727494896694,-100.0,,False,,0,0.0,23
0,0,True,35.0,0.0,0.0,0.0,0.0,114101.59703669787,0.0,0.0,0.0,0.0,0.0,7200.0,0.0,600.0,300000.0,0,0.0,25,5.4,44.76928840000001,mcs_pf_csv_fading,40.0,40.0,-48.21771944129625,-114.44727494896694,-100.0,,False,,0,0.0,24
1,0,True,80.0,40.0,0.0,0.0,0.0,237921.16213266182,0.0,600.0,600.0,600.0,0.0,15000.0,0.0,600.0,600000.0,2,1.0,25,5.4,34.662929170000005,mcs_pf_csv_fading,40.0,40.0,-63.53885272917442,-114.44727494896694,-100.0,,False,,0,0.0,24
0,0,True,35.0,0.0,0.0,0.0,0.0,147819.56509596392,0.0,1800.0,1800.0,1800.0,0.0,9000.0,0.0,600.0,2000000.0,4,1.0,25,5.4,44.67111044,mcs_pf_csv_fading,40.0,40.0,-48.21771944129625,-114.44727494896694,-100.0,,False,,0,0.0,25
1,0,True,80.0,40.0,0.0,0.0,0.0,293162.73889000854,0.0,3000.0,3000.0,3000.0,0.0,18000.0,0.0,600.0,3000000.0,4,1.0,25,5.4,34.595071968,mcs_pf_csv_fading,40.0,40.0,-63.53885272917442,-114.44727494896694,-100.0,,False,,0,0.0,25
0,0,True,35.0,0.0,0.0,0.0,0.0,192863.17379404465,0.0,2400.0,2400.0,2400.0,0.0,11400.0,0.0,600.0,2000000.0,4,1.0,25,5.4,44.5667035,mcs_pf_csv_fading,40.0,40.0,-48.21771944129625,-114.44727494896694,-100.0,,False,,0,0.0,26
1,0,True,80.0,40.0,0.0,0.0,0.0,347299.48411220836,0.0,3000.0,3000.0,3000.0,0.0,21000.0,0.0,600.0,3000000.0,4,1.0,25,5.4,34.52380263999999,mcs_pf_csv_fading,40.0,40.0,-63.53885272917442,-114.44727494896694,-100.0,,False,,0,0.0,26
0,0,True,35.0,0.0,0.0,0.0,0.0,225005.91031816375,0.0,1800.0,1800.0,1800.0,0.0,13200.0,0.0,600.0,2000000.0,4,1.0,25,5.4,44.456103368600004,mcs_pf_csv_fading,40.0,40.0,-48.21771944129625,-114.44727494896694,-100.0,,False,,0,0.0,27
1,0,True,80.0,40.0,0.0,0.0,0.0,400353.49442996416,0.0,3000.0,3000.0,3000.0,0.0,24000.0,0.0,600.0,3000000.0,4,1.0,25,5.4,34.449735520000004,mcs_pf_csv_fading,40.0,40.0,-63.53885272917442,-114.44727494896694,-100.0,,False,,0,0.0,27
0,0,True,35.0,0.0,0.0,0.0,0.0,256505.79211180046,0.0,1800.0,1800.0,1800.0,0.0,15000.0,0.0,600.0,2000000.0,4,1.0,25,5.4,44.33774681999999,mcs_pf_csv_fading,40.0,40.0,-48.21771944129625,-114.44727494896694,-100.0,,False,,0,0.0,28
1,0,True,80.0,40.0,0.0,0.0,0.0,452346.4245413649,0.0,3000.0,3000.0,3000.0,0.0,27000.0,0.0,600.0,3000000.0,4,1.0,25,5.4,34.3731615,mcs_pf_csv_fading,40.0,40.0,-63.53885272917442,-114.44727494896694,-100.0,,False,,0,0.0,28
0,0,True,35.0,0.0,0.0,0.0,0.0,299375.6762695644,0.0,2400.0,2400.0,2400.0,0.0,17400.0,0.0,600.0,2000000.0,4,1.0,25,5.4,44.214289259999994,mcs_pf_csv_fading,40.0,40.0,-48.21771944129625,-114.44727494896694,-100.0,,False,,0,0.0,29
1,0,True,80.0,40.0,0.0,0.0,0.0,503299.49605053756,0.0,3000.0,3000.0,3000.0,0.0,30000.0,0.0,600.0,3000000.0,4,1.0,25,5.4,34.2932517,mcs_pf_csv_fading,40.0,40.0,-63.53885272917442,-114.44727494896694,-100.0,,False,,0,0.0,29
0,0,True,35.0,0.0,0.0,0.0,0.0,329388.16274417314,0.0,1800.0,1800.0,1800.0,0.0,19200.0,0.0,600.0,2000000.0,4,1.0,25,5.4,44.081889954000005,mcs_pf_csv_fading,40.0,40.0,-48.21771944129625,-114.44727494896694,-100.0,,False,,0,0.0,30
1,0,True,80.0,40.0,0.0,0.0,0.0,553233.5061295268,0.0,3000.0,3000.0,3000.0,0.0,33000.0,0.0,600.0,3000000.0,4,1.0,25,5.4,34.21235442,mcs_pf_csv_fading,40.0,40.0,-63.53885272917442,-114.44727494896694,-100.0,,False,,0,0.0,30
0,0,True,35.0,0.0,0.0,0.0,0.0,358800.3994892897,0.0,1800.0,1800.0,1800.0,0.0,21000.0,0.0,600.0,2000000.0,4,1.0,25,5.4,43.94550782,mcs_pf_csv_fading,40.0,40.0,-48.21771944129625,-114.44727494896694,-100.0,,False,,0,0.0,31
1,0,True,80.0,40.0,0.0,0.0,0.0,602168.8360069363,0.0,3000.0,3000.0,3000.0,0.0,36000.0,0.0,600.0,3000000.0,4,1.0,25,5.4,34.128815679999995,mcs_pf_csv_fading,40.0,40.0,-63.53885272917442,-114.44727494896694,-100.0,,False,,0,0.0,31
0,0,True,35.0,0.0,0.0,0.0,0.0,399624.39149950386,0.0,2400.0,2400.0,2400.0,0.0,23400.0,0.0,600.0,2000000.0,4,1.0,25,5.4,43.798409094,mcs_pf_csv_fading,40.0,40.0,-48.21771944129625,-114.44727494896694,-100.0,,False,,0,0.0,32
1,0,True,80.0,40.0,0.0,0.0,0.0,650125.4592867976,0.0,3000.0,3000.0,3000.0,0.0,39000.0,0.0,600.0,3000000.0,4,1.0,25,5.4,34.046774458,mcs_pf_csv_fading,40.0,40.0,-63.53885272917442,-114.44727494896694,-100.0,,False,,0,0.0,32
0,0,True,35.0,0.0,0.0,0.0,0.0,427631.90366951376,0.0,1800.0,1800.0,1800.0,0.0,25200.0,0.0,600.0,2000000.0,4,1.0,25,5.4,43.6477046,mcs_pf_csv_fading,40.0,40.0,-48.21771944129625,-114.44727494896694,-100.0,,False,,0,0.0,33
1,0,True,80.0,40.0,0.0,0.0,0.0,697122.9501010616,0.0,3000.0,3000.0,3000.0,0.0,42000.0,0.0,600.0,3000000.0,4,1.0,25,5.4,33.962844464,mcs_pf_csv_fading,40.0,40.0,-63.53885272917442,-114.44727494896694,-100.0,,False,,0,0.0,33
0,0,True,35.0,0.0,0.0,0.0,0.0,455079.26559612347,0.0,1800.0,1800.0,1800.0,0.0,27000.0,0.0,600.0,2000000.0,4,1.0,25,5.4,43.485791208,mcs_pf_csv_fading,40.0,40.0,-48.21771944129625,-114.44727494896694,-100.0,,False,,0,0.0,34
1,0,True,80.0,40.0,0.0,0.0,0.0,743180.4910990404,0.0,3000.0,3000.0,3000.0,0.0,45000.0,0.0,600.0,3000000.0,4,1.0,25,5.4,33.88145128,mcs_pf_csv_fading,40.0,40.0,-63.53885272917442,-114.44727494896694,-100.0,,False,,0,0.0,34
0,0,True,35.0,0.0,0.0,0.0,0.0,493977.680284201,0.0,2400.0,2400.0,2400.0,0.0,29400.0,0.0,600.0,2000000.0,4,1.0,25,5.4,43.31947802,mcs_pf_csv_fading,40.0,40.0,-48.21771944129625,-114.44727494896694,-100.0,,False,,0,0.0,35
1,0,True,80.0,40.0,0.0,0.0,0.0,788316.8812770596,0.0,3000.0,3000.0,3000.0,0.0,48000.0,0.0,600.0,3000000.0,4,1.0,25,5.4,33.797517938,mcs_pf_csv_fading,40.0,40.0,-63.53885272917442,-114.44727494896694,-100.0,,False,,0,0.0,35
0,0,True,35.0,0.0,0.0,0.0,0.0,520098.126678517,0.0,1800.0,1800.0,1800.0,0.0,31200.0,0.0,600.0,2000000.0,4,1.0,25,5.4,43.142968659999994,mcs_pf_csv_fading,40.0,40.0,-48.21771944129625,-114.44727494896694,-100.0,,False,,0,0.0,36
1,0,True,80.0,40.0,0.0,0.0,0.0,832550.5436515183,0.0,3000.0,3000.0,3000.0,0.0,51000.0,0.0,600.0,3000000.0,4,1.0,25,5.4,33.71424407600001,mcs_pf_csv_fading,40.0,40.0,-63.53885272917442,-114.44727494896694,-100.0,,False,,0,0.0,36
0,0,True,35.0,0.0,0.0,0.0,0.0,545696.1641449466,0.0,1800.0,1800.0,1800.0,0.0,33000.0,0.0,600.0,2000000.0,4,1.0,25,5.4,42.96054446,mcs_pf_csv_fading,40.0,40.0,-48.21771944129625,-114.44727494896694,-100.0,,False,,0,0.0,37
1,0,True,80.0,40.0,0.0,0.0,0.0,875899.5327784879,0.0,3000.0,3000.0,3000.0,0.0,54000.0,0.0,600.0,3000000.0,4,1.0,25,5.4,33.627245778,mcs_pf_csv_fading,40.0,40.0,-63.53885272917442,-114.44727494896694,-100.0,,False,,0,0.0,37
0,0,True,35.0,0.0,0.0,0.0,0.0,582782.2408620476,0.0,2400.0,2400.0,2400.0,0.0,35400.0,0.0,600.0,2000000.0,4,1.0,25,5.4,42.7688725,mcs_pf_csv_fading,40.0,40.0,-48.21771944129625,-114.44727494896694,-100.0,,False,,0,0.0,38
1,0,True,80.0,40.0,0.0,0.0,0.0,918381.5421229181,0.0,3000.0,3000.0,3000.0,0.0,57000.0,0.0,600.0,3000000.0,4,1.0,25,5.4,33.538549292,mcs_pf_csv_fading,40.0,40.0,-63.53885272917442,-114.44727494896694,-100.0,,False,,0,0.0,38
0,0,True,35.0,0.0,0.0,0.0,0.0,607126.5960448066,0.0,1800.0,1800.0,1800.0,0.0,37200.0,0.0,600.0,2000000.0,4,1.0,25,5.4,42.56985954000001,mcs_pf_csv_fading,40.0,40.0,-48.21771944129625,-114.44727494896694,-100.0,,False,,0,0.0,39
1,0,True,80.0,40.0,0.0,0.0,0.0,960013.9112804597,0.0,3000.0,3000.0,3000.0,0.0,60000.0,0.0,600.0,3000000.0,4,1.0,25,5.4,33.446080800000004,mcs_pf_csv_fading,40.0,40.0,-63.53885272917442,-114.44727494896694,-100.0,,False,,0,0.0,39
0,0,True,35.0,0.0,0.0,0.0,0.0,630984.0641239105,0.0,1800.0,1800.0,1800.0,0.0,39000.0,0.0,600.0,2000000.0,4,1.0,25,5.4,42.36247275400001,mcs_pf_csv_fading,40.0,40.0,-48.21771944129625,-114.44727494896694,-100.0,,False,,0,0.0,40
1,0,True,80.0,40.0,0.0,0.0,0.0,1000813.6330548505,0.0,3000.0,3000.0,3000.0,0.0,63000.0,0.0,600.0,3000000.0,4,1.0,25,5.4,33.351656084,mcs_pf_csv_fading,40.0,40.0,-63.53885272917442,-114.44727494896694,-100.0,,False,,0,0.0,40
0,0,True,35.0,0.0,0.0,0.0,0.0,666364.3828414322,0.0,2400.0,2400.0,2400.0,0.0,41400.0,0.0,600.0,2000000.0,4,1.0,25,5.4,42.146427442,mcs_pf_csv_fading,40.0,40.0,-48.21771944129625,-114.44727494896694,-100.0,,False,,0,0.0,41
1,0,True,80.0,40.0,0.0,0.0,0.0,1040797.3603937535,0.0,3000.0,3000.0,3000.0,0.0,66000.0,0.0,600.0,3000000.0,4,1.0,25,5.4,33.256842901999995,mcs_pf_csv_fading,40.0,40.0,-63.53885272917442,-114.44727494896694,-100.0,,False,,0,0.0,41
0,0,True,35.0,0.0,0.0,0.0,0.0,689037.0951846036,0.0,1800.0,1800.0,1800.0,0.0,43200.0,0.0,600.0,2000000.0,4,1.0,25,5.4,41.922790404,mcs_pf_csv_fading,40.0,40.0,-48.21771944129625,-114.44727494896694,-100.0,,False,,0,0.0,42
1,0,True,80.0,40.0,0.0,0.0,0.0,1079981.4131858784,0.0,3000.0,3000.0,3000.0,0.0,69000.0,0.0,600.0,3000000.0,4,1.0,25,5.4,33.165181224,mcs_pf_csv_fading,40.0,40.0,-63.53885272917442,-114.44727494896694,-100.0,,False,,0,0.0,42
0,0,True,35.0,0.0,0.0,0.0,0.0,711256.3532809115,0.0,1800.0,1800.0,1800.0,0.0,45000.0,0.0,600.0,2000000.0,4,1.0,25,5.4,41.689311614000005,mcs_pf_csv_fading,40.0,40.0,-48.21771944129625,-114.44727494896694,-100.0,,False,,0,0.0,43
1,0,True,80.0,40.0,0.0,0.0,0.0,1118381.784922161,0.0,3000.0,3000.0,3000.0,0.0,72000.0,0.0,600.0,3000000.0,4,1.0,25,5.4,33.082723738,mcs_pf_csv_fading,40.0,40.0,-63.53885272917442,-114.44727494896694,-100.0,,False,,0,0.0,43
0,0,True,35.0,0.0,0.0,0.0,0.0,745031.2262152932,0.0,2400.0,2400.0,2400.0,0.0,47400.0,0.0,600.0,2000000.0,4,1.0,25,5.4,41.448901400000004,mcs_pf_csv_fading,40.0,40.0,-48.21771944129625,-114.44727494896694,-100.0,,False,,0,0.0,44
1,0,True,80.0,40.0,0.0,0.0,0.0,1156014.1492237176,0.0,3000.0,3000.0,3000.0,0.0,75000.0,0.0,600.0,3000000.0,4,1.0,25,5.4,33.01075782,mcs_pf_csv_fading,40.0,40.0,-63.53885272917442,-114.44727494896694,-100.0,,False,,0,0.0,44
0,0,True,35.0,0.0,0.0,0.0,0.0,766130.6016909872,0.0,1800.0,1800.0,1800.0,0.0,49200.0,0.0,600.0,2000000.0,4,1.0,25,5.4,41.197608540000004,mcs_pf_csv_fading,40.0,40.0,-48.21771944129625,-114.44727494896694,-100.0,,False,,0,0.0,45
1,0,True,80.0,40.0,0.0,0.0,0.0,1192893.8662392432,0.0,3000.0,3000.0,3000.0,0.0,78000.0,0.0,600.0,3000000.0,4,1.0,25,5.4,32.94944626,mcs_pf_csv_fading,40.0,40.0,-63.53885272917442,-114.44727494896694,-100.0,,False,,0,0.0,45
0,0,True,35.0,0.0,0.0,0.0,0.0,786807.9896571675,0.0,1800.0,1800.0,1800.0,0.0,51000.0,0.0,600.0,2000000.0,4,1.0,25,5.4,40.93988826,mcs_pf_csv_fading,40.0,40.0,-48.21771944129625,-114.44727494896694,-100.0,,False,,0,0.0,46
1,0,True,80.0,40.0,0.0,0.0,0.0,1229035.9889144583,0.0,3000.0,3000.0,3000.0,0.0,81000.0,0.0,600.0,3000000.0,4,1.0,25,5.4,32.8921097,mcs_pf_csv_fading,40.0,40.0,-63.53885272917442,-114.44727494896694,-100.0,,False,,0,0.0,46
0,0,True,35.0,0.0,0.0,0.0,0.0,819071.8298640241,0.0,2400.0,2400.0,2400.0,0.0,53400.0,0.0,600.0,2000000.0,4,1.0,25,5.4,40.670395126,mcs_pf_csv_fading,40.0,40.0,-48.21771944129625,-114.44727494896694,-100.0,,False,,0,0.0,47
1,0,True,80.0,40.0,0.0,0.0,0.0,1264455.2691361692,0.0,3000.0,3000.0,3000.0,0.0,84000.0,0.0,600.0,3000000.0,4,1.0,25,5.4,32.838590237999995,mcs_pf_csv_fading,40.0,40.0,-63.53885272917442,-114.44727494896694,-100.0,,False,,0,0.0,47
0,0,True,35.0,0.0,0.0,0.0,0.0,838690.3932667435,0.0,1800.0,1800.0,1800.0,0.0,55200.0,0.0,600.0,2000000.0,4,1.0,25,5.4,40.39408786,mcs_pf_csv_fading,40.0,40.0,-48.21771944129625,-114.44727494896694,-100.0,,False,,0,0.0,48
1,0,True,80.0,40.0,0.0,0.0,0.0,1299166.1637534457,0.0,3000.0,3000.0,3000.0,0.0,87000.0,0.0,600.0,3000000.0,4,1.0,25,5.4,32.785390826,mcs_pf_csv_fading,40.0,40.0,-63.53885272917442,-114.44727494896694,-100.0,,False,,0,0.0,48
0,0,True,35.0,0.0,0.0,0.0,0.0,857916.5854014086,0.0,1800.0,1800.0,1800.0,0.0,57000.0,0.0,600.0,2000000.0,4,1.0,25,5.4,40.10667152,mcs_pf_csv_fading,40.0,40.0,-48.21771944129625,-114.44727494896694,-100.0,,False,,0,0.0,49
1,0,True,80.0,40.0,0.0,0.0,0.0,1333182.8404783767,0.0,3000.0,3000.0,3000.0,0.0,90000.0,0.0,600.0,3000000.0,4,1.0,25,5.4,32.736193496,mcs_pf_csv_fading,40.0,40.0,-63.53885272917442,-114.44727494896694,-100.0,,False,,0,0.0,49
0,0,True,35.0,0.0,0.0,0.0,0.0,888758.2536933804,0.0,2400.0,2400.0,2400.0,0.0,59400.0,0.0,600.0,2000000.0,4,1.0,25,5.4,39.81124361999999,mcs_pf_csv_fading,40.0,40.0,-48.21771944129625,-114.44727494896694,-100.0,,False,,0,0.0,50
1,0,True,80.0,40.0,0.0,0.0,0.0,1366519.1836688092,0.0,3000.0,3000.0,3000.0,0.0,93000.0,0.0,600.0,3000000.0,4,1.0,25,5.4,32.686176272,mcs_pf_csv_fading,40.0,40.0,-63.53885272917442,-114.44727494896694,-100.0,,False,,0,0.0,50
0,0,True,35.0,0.0,0.0,0.0,0.0,906983.0886195127,0.0,1800.0,1800.0,1800.0,0.0,61200.0,0.0,600.0,2000000.0,4,1.0,25,5.4,39.50518948,mcs_pf_csv_fading,40.0,40.0,-48.21771944129625,-114.44727494896694,-100.0,,False,,0,0.0,51
1,0,True,80.0,40.0,0.0,0.0,0.0,1399188.799995433,0.0,3000.0,3000.0,3000.0,0.0,96000.0,0.0,600.0,3000000.0,4,1.0,25,5.4,32.628344314,mcs_pf_csv_fading,40.0,40.0,-63.53885272917442,-114.44727494896694,-100.0,,False,,0,0.0,51
0,0,True,35.0,0.0,0.0,0.0,0.0,924843.4268471225,0.0,1800.0,1800.0,1800.0,0.0,63000.0,0.0,600.0,2000000.0,4,1.0,25,5.4,39.190024206000004,mcs_pf_csv_fading,40.0,40.0,-48.21771944129625,-114.44727494896694,-100.0,,False,,0,0.0,52
1,0,True,80.0,40.0,0.0,0.0,0.0,1431205.0239955243,0.0,3000.0,3000.0,3000.0,0.0,99000.0,0.0,600.0,3000000.0,4,1.0,25,5.4,32.531834538,mcs_pf_csv_fading,40.0,40.0,-63.53885272917442,-114.44727494896694,-100.0,,False,,0,0.0,52
0,0,True,35.0,0.0,0.0,0.0,0.0,954346.55831018,0.0,2400.0,2400.0,2400.0,0.0,65400.0,0.0,600.0,2000000.0,4,1.0,25,5.4,38.86449822,mcs_pf_csv_fading,40.0,40.0,-48.21771944129625,-114.44727494896694,-100.0,,False,,0,0.0,53
1,0,True,80.0,40.0,0.0,0.0,0.0,1462580.9235156137,0.0,3000.0,3000.0,3000.0,0.0,102000.0,0.0,600.0,3000000.0,4,1.0,25,5.4,32.223808778800006,mcs_pf_csv_fading,40.0,40.0,-63.53885272917442,-114.44727494896694,-100.0,,False,,0,0.0,53
0,0,True,35.0,0.0,0.0,0.0,0.0,971259.6271439764,0.0,1800.0,1800.0,1800.0,0.0,67200.0,0.0,600.0,2000000.0,4,1.0,25,5.4,38.528969419999996,mcs_pf_csv_fading,40.0,40.0,-48.21771944129625,-114.44727494896694,-100.0,,False,,0,0.0,54
1,0,True,80.0,40.0,0.0,0.0,0.0,1493329.3050453013,0.0,3000.0,3000.0,3000.0,0.0,105000.0,0.0,600.0,3000000.0,4,1.0,25,5.4,32.482487964,mcs_pf_csv_fading,40.0,40.0,-63.53885272917442,-114.44727494896694,-100.0,,False,,0,0.0,54
0,0,True,35.0,0.0,0.0,0.0,0.0,951834.4346010969,0.0,0.0,0.0,0.0,0.0,67200.0,0.0,600.0,0.0,0,0.0,25,5.4,38.1831569288,mcs_pf_csv_fading,40.0,40.0,-48.21771944129625,-114.44727494896694,-100.0,,False,,0,0.0,55
1,0,True,80.0,40.0,0.0,0.0,0.0,1463462.7189443952,0.0,0.0,0.0,0.0,0.0,105000.0,0.0,600.0,0.0,0,0.0,25,5.4,32.578653849372,mcs_pf_csv_fading,40.0,40.0,-63.53885272917442,-114.44727494896694,-100.0,,False,,0,0.0,55
0,0,True,35.0,0.0,0.0,0.0,0.0,932797.7459090749,0.0,0.0,0.0,0.0,0.0,67200.0,0.0,600.0,0.0,0,0.0,25,5.4,37.826474938000004,mcs_pf_csv_fading,40.0,40.0,-48.21771944129625,-114.44727494896694,-100.0,,False,,0,0.0,56
1,0,True,80.0,40.0,0.0,0.0,0.0,1434193.4645655074,0.0,0.0,0.0,0.0,0.0,105000.0,0.0,600.0,0.0,0,0.0,25,5.4,32.594462334000006,mcs_pf_csv_fading,40.0,40.0,-63.53885272917442,-114.44727494896694,-100.0,,False,,0,0.0,56
0,0,True,35.0,0.0,0.0,0.0,0.0,914141.7909908934,0.0,0.0,0.0,0.0,0.0,67200.0,0.0,600.0,0.0,0,0.0,25,5.4,37.45985614,mcs_pf_csv_fading,40.0,40.0,-48.21771944129625,-114.44727494896694,-100.0,,False,,0,0.0,57
1,0,True,80.0,40.0,0.0,0.0,0.0,1405509.5952741972,0.0,0.0,0.0,0.0,0.0,105000.0,0.0,600.0,0.0,0,0.0,25,5.4,32.77871934000001,mcs_pf_csv_fading,40.0,40.0,-63.53885272917442,-114.44727494896694,-100.0,,False,,0,0.0,57
0,0,True,35.0,0.0,0.0,0.0,0.0,895858.9551710755,0.0,0.0,0.0,0.0,0.0,67200.0,0.0,600.0,0.0,0,0.0,25,5.4,37.084776659999996,mcs_pf_csv_fading,40.0,40.0,-48.21771944129625,-114.44727494896694,-100.0,,False,,0,0.0,58
1,0,True,80.0,40.0,0.0,0.0,0.0,1377399.403368713,0.0,0.0,0.0,0.0,0.0,105000.0,0.0,600.0,0.0,0,0.0,25,5.4,32.970042039999996,mcs_pf_csv_fading,40.0,40.0,-63.53885272917442,-114.44727494896694,-100.0,,False,,0,0.0,58
0,0,True,35.0,0.0,0.0,0.0,0.0,877941.776067654,0.0,0.0,0.0,0.0,0.0,67200.0,0.0,600.0,0.0,0,0.0,25,5.4,36.68714584,mcs_pf_csv_fading,40.0,40.0,-48.21771944129625,-114.44727494896694,-100.0,,False,,0,0.0,59
1,0,True,80.0,40.0,0.0,0.0,0.0,1349851.4153013388,0.0,0.0,0.0,0.0,0.0,105000.0,0.0,600.0,0.0,0,0.0,25,5.4,33.1175878,mcs_pf_csv_fading,40.0,40.0,-63.53885272917442,-114.44727494896694,-100.0,,False,,0,0.0,59
0,0,True,35.0,0.0,0.0,0.0,0.0,860382.940546301,0.0,0.0,0.0,0.0,0.0,67200.0,0.0,600.0,0.0,0,0.0,25,5.4,36.322589492,mcs_pf_csv_fading,40.0,40.0,-48.21771944129625,-114.44727494896694,-100.0,,False,,0,0.0,60
1,0,True,80.0,40.0,0.0,0.0,0.0,1322854.386995312,0.0,0.0,0.0,0.0,0.0,105000.0,0.0,600.0,0.0,0,0.0,25,5.4,33.244350260000004,mcs_pf_csv_fading,40.0,40.0,-63.53885272917442,-114.44727494896694,-100.0,,False,,0,0.0,60
0,0,True,35.0,0.0,0.0,0.0,0.0,843175.2817353749,0.0,0.0,0.0,0.0,0.0,67200.0,0.0,600.0,0.0,0,0.0,25,5.4,35.801623172,mcs_pf_csv_fading,40.0,40.0,-48.21771944129625,-114.44727494896694,-100.0,,False,,0,0.0,61
1,0,True,80.0,40.0,0.0,0.0,0.0,1296397.2992554058,0.0,0.0,0.0,0.0,0.0,105000.0,0.0,600.0,0.0,0,0.0,25,5.4,33.3536982,mcs_pf_csv_fading,40.0,40.0,-63.53885272917442,-114.44727494896694,-100.0,,False,,0,0.0,61
0,0,True,35.0,0.0,0.0,0.0,0.0,826311.7761006674,0.0,0.0,0.0,0.0,0.0,67200.0,0.0,600.0,0.0,0,0.0,25,5.4,35.626843812000004,mcs_pf_csv_fading,40.0,40.0,-48.21771944129625,-114.44727494896694,-100.0,,False,,0,0.0,62
1,0,True,80.0,40.0,0.0,0.0,0.0,1270469.3532702976,0.0,0.0,0.0,0.0,0.0,105000.0,0.0,600.0,0.0,0,0.0,25,5.4,33.4544591,mcs_pf_csv_fading,40.0,40.0,-63.53885272917442,-114.44727494896694,-100.0,,False,,0,0.0,62
0,0,True,35.0,0.0,0.0,0.0,0.0,809785.540578654,0.0,0.0,0.0,0.0,0.0,67200.0,0.0,600.0,0.0,0,0.0,25,5.4,35.364594364000006,mcs_pf_csv_fading,40.0,40.0,-48.21771944129625,-114.44727494896694,-100.0,,False,,0,0.0,63
1,0,True,80.0,40.0,0.0,0.0,0.0,1245059.9662048917,0.0,0.0,0.0,0.0,0.0,105000.0,0.0,600.0,0.0,0,0.0,25,5.4,33.542848019999994,mcs_pf_csv_fading,40.0,40.0,-63.53885272917442,-114.44727494896694,-100.0,,False,,0,0.0,63
0,0,True,35.0,0.0,0.0,0.0,0.0,793589.829767081,0.0,0.0,0.0,0.0,0.0,67200.0,0.0,600.0,0.0,0,0.0,25,5.4,35.266051008,mcs_pf_csv_fading,40.0,40.0,-48.21771944129625,-114.44727494896694,-100.0,,False,,0,0.0,64
1,0,True,80.0,40.0,0.0,0.0,0.0,1220158.7668807937,0.0,0.0,0.0,0.0,0.0,105000.0,0.0,600.0,0.0,0,0.0,25,5.4,33.624426803999995,mcs_pf_csv_fading,40.0,40.0,-63.53885272917442,-114.44727494896694,-100.0,,False,,0,0.0,64
0,0,True,35.0,0.0,0.0,0.0,0.0,777718.0331717393,0.0,0.0,0.0,0.0,0.0,67200.0,0.0,600.0,0.0,0,0.0,25,5.4,35.33623799,mcs_pf_csv_fading,40.0,40.0,-48.21771944129625,-114.44727494896694,-100.0,,False,,0,0.0,65
1,0,True,80.0,40.0,0.0,0.0,0.0,1195755.5915431778,0.0,0.0,0.0,0.0,0.0,105000.0,0.0,600.0,0.0,0,0.0,25,5.4,33.697269421799994,mcs_pf_csv_fading,40.0,40.0,-63.53885272917442,-114.44727494896694,-100.0,,False,,0,0.0,65
0,0,True,35.0,0.0,0.0,0.0,0.0,762163.6725083045,0.0,0.0,0.0,0.0,0.0,67200.0,0.0,600.0,0.0,0,0.0,25,5.4,35.47461816,mcs_pf_csv_fading,40.0,40.0,-48.21771944129625,-114.44727494896694,-100.0,,False,,0,0.0,66
1,0,True,80.0,40.0,0.0,0.0,0.0,1171840.4797123142,0.0,0.0,0.0,0.0,0.0,105000.0,0.0,600.0,0.0,0,0.0,25,5.4,33.76728252400001,mcs_pf_csv_fading,40.0,40.0,-63.53885272917442,-114.44727494896694,-100.0,,False,,0,0.0,66
0,0,True,35.0,0.0,0.0,0.0,0.0,746920.3990581384,0.0,0.0,0.0,0.0,0.0,67200.0,0.0,600.0,0.0,0,0.0,25,5.4,35.613945570000006,mcs_pf_csv_fading,40.0,40.0,-48.21771944129625,-114.44727494896694,-100.0,,False,,0,0.0,67
1,0,True,80.0,40.0,0.0,0.0,0.0,1148403.6701180679,0.0,0.0,0.0,0.0,0.0,105000.0,0.0,600.0,0.0,0,0.0,25,5.4,33.836999688,mcs_pf_csv_fading,40.0,40.0,-63.53885272917442,-114.44727494896694,-100.0,,False,,0,0.0,67
0,0,True,35.0,0.0,0.0,0.0,0.0,731981.9910769756,0.0,0.0,0.0,0.0,0.0,67200.0,0.0,600.0,0.0,0,0.0,25,5.4,35.7313031,mcs_pf_csv_fading,40.0,40.0,-48.21771944129625,-114.44727494896694,-100.0,,False,,0,0.0,68
1,0,True,80.0,40.0,0.0,0.0,0.0,1125435.5967157064,0.0,0.0,0.0,0.0,0.0,105000.0,0.0,600.0,0.0,0,0.0,25,5.4,33.911836936,mcs_pf_csv_fading,40.0,40.0,-63.53885272917442,-114.44727494896694,-100.0,,False,,0,0.0,68
0,0,True,35.0,0.0,0.0,0.0,0.0,717342.3512554361,0.0,0.0,0.0,0.0,0.0,67200.0,0.0,600.0,0.0,0,0.0,25,5.4,35.82391208,mcs_pf_csv_fading,40.0,40.0,-48.21771944129625,-114.44727494896694,-100.0,,False,,0,0.0,69
1,0,True,80.0,40.0,0.0,0.0,0.0,1102926.8847813923,0.0,0.0,0.0,0.0,0.0,105000.0,0.0,600.0,0.0,0,0.0,25,5.4,33.993513820000004,mcs_pf_csv_fading,40.0,40.0,-63.53885272917442,-114.44727494896694,-100.0,,False,,0,0.0,69
0,0,True,35.0,0.0,0.0,0.0,0.0,702995.5042303273,0.0,0.0,0.0,0.0,0.0,67200.0,0.0,600.0,0.0,0,0.0,25,5.4,35.89893904,mcs_pf_csv_fading,40.0,40.0,-48.21771944129625,-114.44727494896694,-100.0,,False,,0,0.0,70
1,0,True,80.0,40.0,0.0,0.0,0.0,1080868.3470857644,0.0,0.0,0.0,0.0,0.0,105000.0,0.0,600.0,0.0,0,0.0,25,5.4,34.0800828896,mcs_pf_csv_fading,40.0,40.0,-63.53885272917442,-114.44727494896694,-100.0,,False,,0,0.0,70
0,0,True,35.0,0.0,0.0,0.0,0.0,688935.5941457207,0.0,0.0,0.0,0.0,0.0,67200.0,0.0,600.0,0.0,0,0.0,25,5.4,35.95560271,mcs_pf_csv_fading,40.0,40.0,-48.21771944129625,-114.44727494896694,-100.0,,False,,0,0.0,71
1,0,True,80.0,40.0,0.0,0.0,0.0,1059250.980144049,0.0,0.0,0.0,0.0,0.0,105000.0,0.0,600.0,0.0,0,0.0,25,5.4,34.171518382,mcs_pf_csv_fading,40.0,40.0,-63.53885272917442,-114.44727494896694,-100.0,,False,,0,0.0,71
0,0,True,35.0,0.0,0.0,0.0,0.0,675156.8822628063,0.0,0.0,0.0,0.0,0.0,67200.0,0.0,600.0,0.0,0,0.0,25,5.4,36.005347732,mcs_pf_csv_fading,40.0,40.0,-48.21771944129625,-114.44727494896694,-100.0,,False,,0,0.0,72
1,0,True,80.0,40.0,0.0,0.0,0.0,1038065.960541168,0.0,0.0,0.0,0.0,0.0,105000.0,0.0,600.0,0.0,0,0.0,25,5.4,34.262378992,mcs_pf_csv_fading,40.0,40.0,-63.53885272917442,-114.44727494896694,-100.0,,False,,0,0.0,72
0,0,True,35.0,0.0,0.0,0.0,0.0,661653.7446175502,0.0,0.0,0.0,0.0,0.0,67200.0,0.0,600.0,0.0,0,0.0,25,5.4,36.042906843999994,mcs_pf_csv_fading,40.0,40.0,-48.21771944129625,-114.44727494896694,-100.0,,False,,0,0.0,73
1,0,True,80.0,40.0,0.0,0.0,0.0,1017304.6413303446,0.0,0.0,0.0,0.0,0.0,105000.0,0.0,600.0,0.0,0,0.0,25,5.4,34.3548878,mcs_pf_csv_fading,40.0,40.0,-63.53885272917442,-114.44727494896694,-100.0,,False,,0,0.0,73
0,0,True,35.0,0.0,0.0,0.0,0.0,648420.6697251991,0.0,0.0,0.0,0.0,0.0,67200.0,0.0,600.0,0.0,0,0.0,25,5.4,36.08271652,mcs_pf_csv_fading,40.0,40.0,-48.21771944129625,-114.44727494896694,-100.0,,False,,0,0.0,74
1,0,True,80.0,40.0,0.0,0.0,0.0,996958.5485037377,0.0,0.0,0.0,0.0,0.0,105000.0,0.0,600.0,0.0,0,0.0,25,5.4,34.44127382,mcs_pf_csv_fading,40.0,40.0,-63.53885272917442,-114.44727494896694,-100.0,,False,,0,0.0,74
0,0,True,35.0,0.0,0.0,0.0,0.0,647452.2563306951,0.0,600.0,600.0,600.0,0.0,67800.0,0.0,600.0,600000.0,2,1.0,25,5.4,36.1151706824,mcs_pf_csv_fading,40.0,40.0,-48.21771944129625,-114.44727494896694,-100.0,,False,,0,0.0,75
1,0,True,80.0,40.0,0.0,0.0,0.0,989019.377533663,0.0,600.0,600.0,600.0,0.0,105600.0,0.0,600.0,800000.0,2,1.0,25,5.4,34.526112498,mcs_pf_csv_fading,40.0,40.0,-63.53885272917442,-114.44727494896694,-100.0,,False,,0,0.0,75
0,0,True,35.0,0.0,0.0,0.0,0.0,646503.2112040812,0.0,600.0,600.0,600.0,0.0,68400.0,0.0,600.0,600000.0,2,1.0,25,5.4,36.155440122,mcs_pf_csv_fading,40.0,40.0,-48.21771944129625,-114.44727494896694,-100.0,,False,,0,0.0,76
1,0,True,80.0,40.0,0.0,0.0,0.0,981238.9899829896,0.0,600.0,600.0,600.0,0.0,106200.0,0.0,600.0,800000.0,2,1.0,25,5.4,34.601050719999996,mcs_pf_csv_fading,40.0,40.0,-63.53885272917442,-114.44727494896694,-100.0,,False,,0,0.0,76
0,0,True,35.0,0.0,0.0,0.0,0.0,645573.1469799996,0.0,600.0,600.0,600.0,0.0,69000.0,0.0,600.0,600000.0,2,1.0,25,5.4,36.194728444,mcs_pf_csv_fading,40.0,40.0,-48.21771944129625,-114.44727494896694,-100.0,,False,,0,0.0,77
1,0,True,80.0,40.0,0.0,0.0,0.0,985614.2101833298,0.0,1200.0,1200.0,1200.0,0.0,107400.0,0.0,600.0,800000.0,2,1.0,25,5.4,34.67196032,mcs_pf_csv_fading,40.0,40.0,-63.53885272917442,-114.44727494896694,-100.0,,False,,0,0.0,77
0,0,True,35.0,0.0,0.0,0.0,0.0,644661.6840403996,0.0,600.0,600.0,600.0,0.0,69600.0,0.0,600.0,600000.0,2,1.0,25,5.4,36.243271542,mcs_pf_csv_fading,40.0,40.0,-48.21771944129625,-114.44727494896694,-100.0,,False,,0,0.0,78
1,0,True,80.0,40.0,0.0,0.0,0.0,977901.9259796632,0.0,600.0,600.0,600.0,0.0,108000.0,0.0,600.0,800000.0,2,1.0,25,5.4,34.732823854,mcs_pf_csv_fading,40.0,40.0,-63.53885272917442,-114.44727494896694,-100.0,,False,,0,0.0,78
0,0,True,35.0,0.0,0.0,0.0,0.0,643768.4503595916,0.0,600.0,600.0,600.0,0.0,70200.0,0.0,600.0,600000.0,2,1.0,25,5.4,36.2948612214,mcs_pf_csv_fading,40.0,40.0,-48.21771944129625,-114.44727494896694,-100.0,,False,,0,0.0,79
1,0,True,80.0,40.0,0.0,0.0,0.0,970343.8874600698,0.0,600.0,600.0,600.0,0.0,108600.0,0.0,600.0,800000.0,2,1.0,25,5.4,34.787686808,mcs_pf_csv_fading,40.0,40.0,-63.53885272917442,-114.44727494896694,-100.0,,False,,0,0.0,79
0,0,True,35.0,0.0,0.0,0.0,0.0,642893.0813523998,0.0,600.0,600.0,600.0,0.0,70800.0,0.0,600.0,600000.0,2,1.0,25,5.4,36.354468073999996,mcs_pf_csv_fading,40.0,40.0,-48.21771944129625,-114.44727494896694,-100.0,,False,,0,0.0,80
1,0,True,80.0,40.0,0.0,0.0,0.0,974937.0097108685,0.0,1200.0,1200.0,1200.0,0.0,109800.0,0.0,600.0,800000.0,2,1.0,25,5.4,34.833061268,mcs_pf_csv_fading,40.0,40.0,-63.53885272917442,-114.44727494896694,-100.0,,False,,0,0.0,80
0,0,True,35.0,0.0,0.0,0.0,0.0,642035.2197253518,0.0,600.0,600.0,600.0,0.0,71400.0,0.0,600.0,600000.0,2,1.0,25,5.4,36.419107958,mcs_pf_csv_fading,40.0,40.0,-48.21771944129625,-114.44727494896694,-100.0,,False,,0,0.0,81
1,0,True,80.0,40.0,0.0,0.0,0.0,967438.269516651,0.0,600.0,600.0,600.0,0.0,110400.0,0.0,600.0,800000.0,2,1.0,25,5.4,34.870893366,mcs_pf_csv_fading,40.0,40.0,-63.53885272917442,-114.44727494896694,-100.0,,False,,0,0.0,81
0,0,True,35.0,0.0,0.0,0.0,0.0,641194.5153308448,0.0,600.0,600.0,600.0,0.0,72000.0,0.0,600.0,600000.0,2,1.0,25,5.4,36.48861168,mcs_pf_csv_fading,40.0,40.0,-48.21771944129625,-114.44727494896694,-100.0,,False,,0,0.0,82
1,0,True,80.0,40.0,0.0,0.0,0.0,960089.504126318,0.0,600.0,600.0,600.0,0.0,111000.0,0.0,600.0,800000.0,2,1.0,25,5.4,34.899822624,mcs_pf_csv_fading,40.0,40.0,-63.53885272917442,-114.44727494896694,-100.0,,False,,0,0.0,82
0,0,True,35.0,0.0,0.0,0.0,0.0,640370.6250242279,0.0,600.0,600.0,600.0,0.0,72600.0,0.0,600.0,600000.0,2,1.0,25,5.4,36.564170192,mcs_pf_csv_fading,40.0,40.0,-48.21771944129625,-114.44727494896694,-100.0,,False,,0,0.0,83
1,0,True,80.0,40.0,0.0,0.0,0.0,964887.7140437916,0.0,1200.0,1200.0,1200.0,0.0,112200.0,0.0,600.0,800000.0,2,1.0,25,5.4,34.91969692400001,mcs_pf_csv_fading,40.0,40.0,-63.53885272917442,-114.44727494896694,-100.0,,False,,0,0.0,83
0,0,True,35.0,0.0,0.0,0.0,0.0,639563.2125237433,0.0,600.0,600.0,600.0,0.0,73200.0,0.0,600.0,600000.0,2,1.0,25,5.4,36.64070054,mcs_pf_csv_fading,40.0,40.0,-48.21771944129625,-114.44727494896694,-100.0,,False,,0,0.0,84
1,0,True,80.0,40.0,0.0,0.0,0.0,957589.9597629157,0.0,600.0,600.0,600.0,0.0,112800.0,0.0,600.0,800000.0,2,1.0,25,5.4,34.93104906,mcs_pf_csv_fading,40.0,40.0,-63.53885272917442,-114.44727494896694,-100.0,,False,,0,0.0,84
0,0,True,35.0,0.0,0.0,0.0,0.0,638771.9482732684,0.0,600.0,600.0,600.0,0.0,73800.0,0.0,600.0,600000.0,2,1.0,25,5.4,36.724300375400006,mcs_pf_csv_fading,40.0,40.0,-48.21771944129625,-114.44727494896694,-100.0,,False,,0,0.0,85
1,0,True,80.0,40.0,0.0,0.0,0.0,950438.1605676574,0.0,600.0,600.0,600.0,0.0,113400.0,0.0,600.0,800000.0,2,1.0,25,5.4,34.93124986616,mcs_pf_csv_fading,40.0,40.0,-63.53885272917442,-114.44727494896694,-100.0,,False,,0,0.0,85
0,0,True,35.0,0.0,0.0,0.0,0.0,637996.509307803,0.0,600.0,600.0,600.0,0.0,74400.0,0.0,600.0,600000.0,2,1.0,25,5.4,36.805817700000006,mcs_pf_csv_fading,40.0,40.0,-48.21771944129625,-114.44727494896694,-100.0,,False,,0,0.0,86
1,0,True,80.0,40.0,0.0,0.0,0.0,955429.3973563042,0.0,1200.0,1200.0,1200.0,0.0,114600.0,0.0,600.0,800000.0,2,1.0,25,5.4,34.92277365999999,mcs_pf_csv_fading,40.0,40.0,-63.53885272917442,-114.44727494896694,-100.0,,False,,0,0.0,86
0,0,True,35.0,0.0,0.0,0.0,0.0,637236.5791216469,0.0,600.0,600.0,600.0,0.0,75000.0,0.0,600.0,600000.0,2,1.0,25,5.4,36.895972702,mcs_pf_csv_fading,40.0,40.0,-48.21771944129625,-114.44727494896694,-100.0,,False,,0,0.0,87
1,0,True,80.0,40.0,0.0,0.0,0.0,948320.8094091781,0.0,600.0,600.0,600.0,0.0,115200.0,0.0,600.0,800000.0,2,1.0,25,5.4,34.90127543999999,mcs_pf_csv_fading,40.0,40.0,-63.53885272917442,-114.44727494896694,-100.0,,False,,0,0.0,87
0,0,True,35.0,0.0,0.0,0.0,0.0,636491.847539214,0.0,600.0,600.0,600.0,0.0,75600.0,0.0,600.0,600000.0,2,1.0,25,5.4,36.97933002,mcs_pf_csv_fading,40.0,40.0,-48.21771944129625,-114.44727494896694,-100.0,,False,,0,0.0,88
1,0,True,80.0,40.0,0.0,0.0,0.0,941354.3932209945,0.0,600.0,600.0,600.0,0.0,115800.0,0.0,600.0,800000.0,2,1.0,25,5.4,34.872892885999995,mcs_pf_csv_fading,40.0,40.0,-63.53885272917442,-114.44727494896694,-100.0,,False,,0,0.0,88
0,0,True,35.0,0.0,0.0,0.0,0.0,635762.0105884296,0.0,600.0,600.0,600.0,0.0,76200.0,0.0,600.0,600000.0,2,1.0,25,5.4,37.07107674,mcs_pf_csv_fading,40.0,40.0,-48.21771944129625,-114.44727494896694,-100.0,,False,,0,0.0,89
1,0,True,80.0,40.0,0.0,0.0,0.0,946527.3053565746,0.0,1200.0,1200.0,1200.0,0.0,117000.0,0.0,600.0,800000.0,2,1.0,25,5.4,34.83713554,mcs_pf_csv_fading,40.0,40.0,-63.53885272917442,-114.44727494896694,-100.0,,False,,0,0.0,89
0,0,True,35.0,0.0,0.0,0.0,0.0,635046.770376661,0.0,600.0,600.0,600.0,0.0,76800.0,0.0,600.0,600000.0,2,1.0,25,5.4,37.15578963,mcs_pf_csv_fading,40.0,40.0,-48.21771944129625,-114.44727494896694,-100.0,,False,,0,0.0,90
1,0,True,80.0,40.0,0.0,0.0,0.0,939596.7592494431,0.0,600.0,600.0,600.0,0.0,117600.0,0.0,600.0,800000.0,2,1.0,25,5.4,34.81422152,mcs_pf_csv_fading,40.0,40.0,-63.53885272917442,-114.44727494896694,-100.0,,False,,0,0.0,90
0,0,True,35.0,0.0,0.0,0.0,0.0,634345.8349691278,0.0,600.0,600.0,600.0,0.0,77400.0,0.0,600.0,600000.0,2,1.0,25,5.4,37.24634462,mcs_pf_csv_fading,40.0,40.0,-48.21771944129625,-114.44727494896694,-100.0,,False,,0,0.0,91
1,0,True,80.0,40.0,0.0,0.0,0.0,932804.8240644542,0.0,600.0,600.0,600.0,0.0,118200.0,0.0,600.0,800000.0,2,1.0,25,5.4,34.80993102,mcs_pf_csv_fading,40.0,40.0,-63.53885272917442,-114.44727494896694,-100.0,,False,,0,0.0,91
0,0,True,35.0,0.0,0.0,0.0,0.0,633658.9182697452,0.0,600.0,600.0,600.0,0.0,78000.0,0.0,600.0,600000.0,2,1.0,25,5.4,37.3315002,mcs_pf_csv_fading,40.0,40.0,-48.21771944129625,-114.44727494896694,-100.0,,False,,0,0.0,92
1,0,True,80.0,40.0,0.0,0.0,0.0,938148.727583165,0.0,1200.0,1200.0,1200.0,0.0,119400.0,0.0,600.0,800000.0,2,1.0,25,5.4,34.8194008,mcs_pf_csv_fading,40.0,40.0,-63.53885272917442,-114.44727494896694,-100.0,,False,,0,0.0,92
0,0,True,35.0,0.0,0.0,0.0,0.0,632985.7399043503,0.0,600.0,600.0,600.0,0.0,78600.0,0.0,600.0,600000.0,2,1.0,25,5.4,37.41905594,mcs_pf_csv_fading,40.0,40.0,-48.21771944129625,-114.44727494896694,-100.0,,False,,0,0.0,93
1,0,True,80.0,40.0,0.0,0.0,0.0,931385.7530315018,0.0,600.0,600.0,600.0,0.0,120000.0,0.0,600.0,800000.0,2,1.0,25,5.4,34.822822392,mcs_pf_csv_fading,40.0,40.0,-63.53885272917442,-114.44727494896694,-100.0,,False,,0,0.0,93
0,0,True,35.0,0.0,0.0,0.0,0.0,632326.0251062632,0.0,600.0,600.0,600.0,0.0,79200.0,0.0,600.0,600000.0,2,1.0,25,5.4,37.50303241,mcs_pf_csv_fading,40.0,40.0,-48.21771944129625,-114.44727494896694,-100.0,,False,,0,0.0,94
1,0,True,80.0,40.0,0.0,0.0,0.0,924758.0379708718,0.0,600.0,600.0,600.0,0.0,120600.0,0.0,600.0,800000.0,2,0.9999999999998119,25,5.4,34.81370844,mcs_pf_csv_fading,40.0,40.0,-63.53885272917442,-114.44727494896694,-100.0,,False,,0,0.0,94
0,0,True,35.0,0.0,0.0,0.0,0.0,631679.504604138,0.0,600.0,600.0,600.0,0.0,79800.0,0.0,600.0,600000.0,2,1.0,25,5.4,37.58590948000001,mcs_pf_csv_fading,40.0,40.0,-48.21771944129625,-114.44727494896694,-100.0,,False,,0,0.0,95
1,0,True,80.0,40.0,0.0,0.0,0.0,930262.8772114543,0.0,1200.0,1200.0,1200.0,0.0,121800.0,0.0,600.0,800000.0,2,0.9999999912305512,25,5.4,34.7834128,mcs_pf_csv_fading,40.0,40.0,-63.53885272917442,-114.44727494896694,-100.0,,False,,0,0.0,95
0,0,True,35.0,0.0,0.0,0.0,0.0,631045.9145120552,0.0,600.0,600.0,600.0,0.0,80400.0,0.0,600.0,600000.0,2,1.0,25,5.4,37.667204554,mcs_pf_csv_fading,40.0,40.0,-48.21771944129625,-114.44727494896694,-100.0,,False,,0,0.0,96
1,0,True,80.0,40.0,0.0,0.0,0.0,923657.6196672252,0.0,600.0,600.0,600.0,0.0,122400.0,0.0,600.0,800000.0,2,0.9980185604268588,25,5.4,34.71932488,mcs_pf_csv_fading,40.0,40.0,-63.53885272917442,-114.44727494896694,-100.0,,False,,0,0.0,96
0,0,True,35.0,0.0,0.0,0.0,0.0,630424.9962218141,0.0,600.0,600.0,600.0,0.0,81000.0,0.0,600.0,600000.0,2,1.0,25,5.4,37.74390064,mcs_pf_csv_fading,40.0,40.0,-48.21771944129625,-114.44727494896694,-100.0,,False,,0,0.0,97
1,0,True,80.0,40.0,0.0,0.0,600.0,905184.4672738806,0.0,600.0,0.0,600.0,0.0,123000.0,0.0,600.0,800000.0,2,0.00028793502374764075,25,5.4,34.582792299999994,mcs_pf_csv_fading,40.0,40.0,-63.53885272917442,-114.44727494896694,-100.0,,False,,0,0.0,97
0,0,True,35.0,0.0,0.0,0.0,0.0,629816.4962973777,0.0,600.0,600.0,600.0,0.0,81600.0,0.0,600.0,600000.0,2,1.0,25,5.4,37.821193426,mcs_pf_csv_fading,40.0,40.0,-48.21771944129625,-114.44727494896694,-100.0,,False,,0,0.0,98
1,0,True,80.0,40.0,0.0,0.0,0.0,923080.777928403,0.0,1200.0,1800.0,1800.0,0.0,124200.0,0.0,600.0,800000.0,4,0.9550148168657708,25,5.4,34.59929632,mcs_pf_csv_fading,40.0,40.0,-63.53885272917442,-114.44727494896694,-100.0,,False,,0,0.0,98
0,0,True,35.0,0.0,0.0,0.0,0.0,629220.1663714302,0.0,600.0,600.0,600.0,0.0,82200.0,0.0,600.0,600000.0,2,1.0,25,5.4,37.890451408,mcs_pf_csv_fading,40.0,40.0,-48.21771944129625,-114.44727494896694,-100.0,,False,,0,0.0,99
1,0,True,80.0,40.0,0.0,0.0,600.0,904619.162369835,0.0,600.0,0.0,600.0,0.0,124800.0,0.0,600.0,800000.0,2,3.7761383193878997e-20,25,5.4,34.7325799,mcs_pf_csv_fading,40.0,40.0,-63.53885272917442,-114.44727494896694,-100.0,,False,,0,0.0,99
